class,sha256,multiplicity,artifact_ids
B,4bd04685f9c3ac283717fcf5da8a7fc117d5ba478d3050045c4a79c7ce680138,5,ollama__qwen2_5-coder__14b|integrate_polynomial|simpson|1;ollama__qwen2_5-coder__14b|integrate_polynomial|simpson|3;ollama__qwen2_5-coder__14b|integrate_polynomial|simpson|5;ollama__qwen2_5-coder__14b|integrate_polynomial|simpson|2;ollama__qwen2_5-coder__14b|integrate_polynomial|simpson|4
B,2755ed12c43899b0041882c3a8ca072c822154b5c184f72bf04d1fd17bc08f2f,5,ollama__qwen2_5-coder__14b|integrate_polynomial|trapezoidal|1;ollama__qwen2_5-coder__14b|integrate_polynomial|trapezoidal|3;ollama__qwen2_5-coder__14b|integrate_polynomial|trapezoidal|5;ollama__qwen2_5-coder__14b|integrate_polynomial|trapezoidal|2;ollama__qwen2_5-coder__14b|integrate_polynomial|trapezoidal|4
B,800f40f828e2124bf1eb13fafdf6fb1e9972a4be8691e6f04471076a61433870,4,ollama__qwen2_5-coder__14b|integrate_exp_0_1|simpson|3;ollama__qwen2_5-coder__14b|integrate_exp_0_1|simpson|5;ollama__qwen2_5-coder__14b|integrate_exp_0_1|simpson|2;ollama__qwen2_5-coder__14b|integrate_exp_0_1|simpson|4
B,cee089dfdcbc6cc01a4c600c3273623eddc95117b5a84fe6c7b2c69bd871a4b1,5,ollama__qwen2_5-coder__14b|integrate_exp_0_1|trapezoidal|1;ollama__qwen2_5-coder__14b|integrate_exp_0_1|trapezoidal|3;ollama__qwen2_5-coder__14b|integrate_exp_0_1|trapezoidal|5;ollama__qwen2_5-coder__14b|integrate_exp_0_1|trapezoidal|2;ollama__qwen2_5-coder__14b|integrate_exp_0_1|trapezoidal|4
B,382d494c3a0e11f9acd08adc7786e70169957b0e42dee8b16c4e7ec39207cf5b,5,ollama__qwen2_5-coder__14b|integrate_sin_0_pi|simpson|1;ollama__qwen2_5-coder__14b|integrate_sin_0_pi|simpson|3;ollama__qwen2_5-coder__14b|integrate_sin_0_pi|simpson|5;ollama__qwen2_5-coder__14b|integrate_sin_0_pi|simpson|2;ollama__qwen2_5-coder__14b|integrate_sin_0_pi|simpson|4
B,b4d1dcb79a053f8b400ebcebf72593b5e6a9312ad705c3aeb310572c06c2aaf3,5,ollama__qwen2_5-coder__14b|integrate_sin_0_pi|trapezoidal|1;ollama__qwen2_5-coder__14b|integrate_sin_0_pi|trapezoidal|3;ollama__qwen2_5-coder__14b|integrate_sin_0_pi|trapezoidal|5;ollama__qwen2_5-coder__14b|integrate_sin_0_pi|trapezoidal|2;ollama__qwen2_5-coder__14b|integrate_sin_0_pi|trapezoidal|4
B,f8a9505b0e086cd3f5fa1f83a3da6ef7710103954d78f2d1209eafffabaf17df,5,ollama__devstral__latest|integrate_polynomial|simpson|1;ollama__devstral__latest|integrate_polynomial|simpson|3;ollama__devstral__latest|integrate_polynomial|simpson|5;ollama__devstral__latest|integrate_polynomial|simpson|2;ollama__devstral__latest|integrate_polynomial|simpson|4
B,faaa7062ac8935e72b9aa4a403d1108fa6775348f67369d5857adf6df1bb5da4,15,ollama__devstral__latest|integrate_polynomial|trapezoidal|1;ollama__devstral__latest|integrate_polynomial|trapezoidal|3;ollama__devstral__latest|integrate_polynomial|trapezoidal|5;ollama__devstral__latest|integrate_polynomial|trapezoidal|2;ollama__devstral__latest|integrate_polynomial|trapezoidal|4;ollama__devstral__latest|integrate_exp_0_1|trapezoidal|1;ollama__devstral__latest|integrate_exp_0_1|trapezoidal|3;ollama__devstral__latest|integrate_exp_0_1|trapezoidal|5;ollama__devstral__latest|integrate_exp_0_1|trapezoidal|2;ollama__devstral__latest|integrate_exp_0_1|trapezoidal|4;ollama__devstral__latest|integrate_sin_0_pi|trapezoidal|1;ollama__devstral__latest|integrate_sin_0_pi|trapezoidal|3;ollama__devstral__latest|integrate_sin_0_pi|trapezoidal|5;ollama__devstral__latest|integrate_sin_0_pi|trapezoidal|2;ollama__devstral__latest|integrate_sin_0_pi|trapezoidal|4
B,dc5060245bc1fd6a476a1f51d66ecfa855ad861da32c44e34fe430e24969fba0,10,ollama__devstral__latest|integrate_exp_0_1|simpson|1;ollama__devstral__latest|integrate_exp_0_1|simpson|3;ollama__devstral__latest|integrate_exp_0_1|simpson|5;ollama__devstral__latest|integrate_exp_0_1|simpson|2;ollama__devstral__latest|integrate_exp_0_1|simpson|4;ollama__devstral__latest|integrate_sin_0_pi|simpson|1;ollama__devstral__latest|integrate_sin_0_pi|simpson|3;ollama__devstral__latest|integrate_sin_0_pi|simpson|5;ollama__devstral__latest|integrate_sin_0_pi|simpson|2;ollama__devstral__latest|integrate_sin_0_pi|simpson|4
B,43ea72e5c599c8a0a643c0e5181c89f1026b591034baa4ae866fd26a26b768a4,5,ollama__qwen3-coder__30b|integrate_polynomial|simpson|1;ollama__qwen3-coder__30b|integrate_polynomial|simpson|3;ollama__qwen3-coder__30b|integrate_polynomial|simpson|5;ollama__qwen3-coder__30b|integrate_polynomial|simpson|2;ollama__qwen3-coder__30b|integrate_polynomial|simpson|4
B,0909f46f83325952b13fac7c8335c9a9dd8a5f622883d5fae1889c6f32c3d03a,15,ollama__qwen3-coder__30b|integrate_polynomial|trapezoidal|1;ollama__qwen3-coder__30b|integrate_polynomial|trapezoidal|3;ollama__qwen3-coder__30b|integrate_polynomial|trapezoidal|5;ollama__qwen3-coder__30b|integrate_polynomial|trapezoidal|2;ollama__qwen3-coder__30b|integrate_polynomial|trapezoidal|4;ollama__qwen3-coder__30b|integrate_exp_0_1|trapezoidal|1;ollama__qwen3-coder__30b|integrate_exp_0_1|trapezoidal|3;ollama__qwen3-coder__30b|integrate_exp_0_1|trapezoidal|5;ollama__qwen3-coder__30b|integrate_exp_0_1|trapezoidal|2;ollama__qwen3-coder__30b|integrate_exp_0_1|trapezoidal|4;ollama__qwen3-coder__30b|integrate_sin_0_pi|trapezoidal|1;ollama__qwen3-coder__30b|integrate_sin_0_pi|trapezoidal|3;ollama__qwen3-coder__30b|integrate_sin_0_pi|trapezoidal|5;ollama__qwen3-coder__30b|integrate_sin_0_pi|trapezoidal|2;ollama__qwen3-coder__30b|integrate_sin_0_pi|trapezoidal|4
B,4dd06ccd65330e430ff3c418c5fd9d37c87f7cc82ed3cb98b809271d3eff120a,5,ollama__qwen3-coder__30b|integrate_exp_0_1|simpson|1;ollama__qwen3-coder__30b|integrate_exp_0_1|simpson|3;ollama__qwen3-coder__30b|integrate_exp_0_1|simpson|5;ollama__qwen3-coder__30b|integrate_exp_0_1|simpson|2;ollama__qwen3-coder__30b|integrate_exp_0_1|simpson|4
B,7b82a3c61a5e1175a639ed5aecaf98582fa94cb78e66efe8dbc9c352e3935990,4,ollama__qwen3-coder__30b|integrate_sin_0_pi|simpson|3;ollama__qwen3-coder__30b|integrate_sin_0_pi|simpson|5;ollama__qwen3-coder__30b|integrate_sin_0_pi|simpson|2;ollama__qwen3-coder__30b|integrate_sin_0_pi|simpson|4
C,64559e1fd915bb6db7964657b48677289f0e98b9efa94ff22c264f66ac4de4f1,45,ollama__qwen2_5-coder__32b|mixed_signed_vector|eager|1;ollama__qwen2_5-coder__32b|mixed_signed_vector|eager|3;ollama__qwen2_5-coder__32b|mixed_signed_vector|eager|5;ollama__qwen2_5-coder__32b|mixed_signed_vector|eager|2;ollama__qwen2_5-coder__32b|mixed_signed_vector|eager|4;ollama__qwen2_5-coder__32b|repeated_values_vector|eager|1;ollama__qwen2_5-coder__32b|repeated_values_vector|eager|3;ollama__qwen2_5-coder__32b|repeated_values_vector|eager|5;ollama__qwen2_5-coder__32b|repeated_values_vector|eager|2;ollama__qwen2_5-coder__32b|repeated_values_vector|eager|4;ollama__qwen2_5-coder__32b|small_positive_vector|eager|1;ollama__qwen2_5-coder__32b|small_positive_vector|eager|3;ollama__qwen2_5-coder__32b|small_positive_vector|eager|5;ollama__qwen2_5-coder__32b|small_positive_vector|eager|2;ollama__qwen2_5-coder__32b|small_positive_vector|eager|4;ollama__qwen2_5-coder__14b|mixed_signed_vector|eager|1;ollama__qwen2_5-coder__14b|mixed_signed_vector|eager|3;ollama__qwen2_5-coder__14b|mixed_signed_vector|eager|5;ollama__qwen2_5-coder__14b|mixed_signed_vector|eager|2;ollama__qwen2_5-coder__14b|mixed_signed_vector|eager|4;ollama__qwen2_5-coder__14b|repeated_values_vector|eager|1;ollama__qwen2_5-coder__14b|repeated_values_vector|eager|3;ollama__qwen2_5-coder__14b|repeated_values_vector|eager|5;ollama__qwen2_5-coder__14b|repeated_values_vector|eager|2;ollama__qwen2_5-coder__14b|repeated_values_vector|eager|4;ollama__qwen2_5-coder__14b|small_positive_vector|eager|1;ollama__qwen2_5-coder__14b|small_positive_vector|eager|3;ollama__qwen2_5-coder__14b|small_positive_vector|eager|5;ollama__qwen2_5-coder__14b|small_positive_vector|eager|2;ollama__qwen2_5-coder__14b|small_positive_vector|eager|4;ollama__devstral__latest|mixed_signed_vector|eager|1;ollama__devstral__latest|mixed_signed_vector|eager|3;ollama__devstral__latest|mixed_signed_vector|eager|5;ollama__devstral__latest|mixed_signed_vector|eager|2;ollama__devstral__latest|mixed_signed_vector|eager|4;ollama__devstral__latest|repeated_values_vector|eager|1;ollama__devstral__latest|repeated_values_vector|eager|3;ollama__devstral__latest|repeated_values_vector|eager|5;ollama__devstral__latest|repeated_values_vector|eager|2;ollama__devstral__latest|repeated_values_vector|eager|4;ollama__devstral__latest|small_positive_vector|eager|1;ollama__devstral__latest|small_positive_vector|eager|3;ollama__devstral__latest|small_positive_vector|eager|5;ollama__devstral__latest|small_positive_vector|eager|2;ollama__devstral__latest|small_positive_vector|eager|4
C,f4ae650574ac2f8fc708a7c0f8dee05efc1297b50b20c0cc1de2a70a021c0ad5,45,ollama__qwen2_5-coder__32b|mixed_signed_vector|lazy|1;ollama__qwen2_5-coder__32b|mixed_signed_vector|lazy|3;ollama__qwen2_5-coder__32b|mixed_signed_vector|lazy|5;ollama__qwen2_5-coder__32b|mixed_signed_vector|lazy|2;ollama__qwen2_5-coder__32b|mixed_signed_vector|lazy|4;ollama__qwen2_5-coder__32b|repeated_values_vector|lazy|1;ollama__qwen2_5-coder__32b|repeated_values_vector|lazy|3;ollama__qwen2_5-coder__32b|repeated_values_vector|lazy|5;ollama__qwen2_5-coder__32b|repeated_values_vector|lazy|2;ollama__qwen2_5-coder__32b|repeated_values_vector|lazy|4;ollama__qwen2_5-coder__32b|small_positive_vector|lazy|1;ollama__qwen2_5-coder__32b|small_positive_vector|lazy|3;ollama__qwen2_5-coder__32b|small_positive_vector|lazy|5;ollama__qwen2_5-coder__32b|small_positive_vector|lazy|2;ollama__qwen2_5-coder__32b|small_positive_vector|lazy|4;ollama__qwen2_5-coder__14b|mixed_signed_vector|lazy|1;ollama__qwen2_5-coder__14b|mixed_signed_vector|lazy|3;ollama__qwen2_5-coder__14b|mixed_signed_vector|lazy|5;ollama__qwen2_5-coder__14b|mixed_signed_vector|lazy|2;ollama__qwen2_5-coder__14b|mixed_signed_vector|lazy|4;ollama__qwen2_5-coder__14b|repeated_values_vector|lazy|1;ollama__qwen2_5-coder__14b|repeated_values_vector|lazy|3;ollama__qwen2_5-coder__14b|repeated_values_vector|lazy|5;ollama__qwen2_5-coder__14b|repeated_values_vector|lazy|2;ollama__qwen2_5-coder__14b|repeated_values_vector|lazy|4;ollama__qwen2_5-coder__14b|small_positive_vector|lazy|1;ollama__qwen2_5-coder__14b|small_positive_vector|lazy|3;ollama__qwen2_5-coder__14b|small_positive_vector|lazy|5;ollama__qwen2_5-coder__14b|small_positive_vector|lazy|2;ollama__qwen2_5-coder__14b|small_positive_vector|lazy|4;ollama__devstral__latest|mixed_signed_vector|lazy|1;ollama__devstral__latest|mixed_signed_vector|lazy|3;ollama__devstral__latest|mixed_signed_vector|lazy|5;ollama__devstral__latest|mixed_signed_vector|lazy|2;ollama__devstral__latest|mixed_signed_vector|lazy|4;ollama__devstral__latest|repeated_values_vector|lazy|1;ollama__devstral__latest|repeated_values_vector|lazy|3;ollama__devstral__latest|repeated_values_vector|lazy|5;ollama__devstral__latest|repeated_values_vector|lazy|2;ollama__devstral__latest|repeated_values_vector|lazy|4;ollama__devstral__latest|small_positive_vector|lazy|1;ollama__devstral__latest|small_positive_vector|lazy|3;ollama__devstral__latest|small_positive_vector|lazy|5;ollama__devstral__latest|small_positive_vector|lazy|2;ollama__devstral__latest|small_positive_vector|lazy|4
C,cf257a95be233eb80d46db0e3e18a7d90028b81296346637dfe0bebe8d2936ad,15,ollama__qwen3-coder__30b|mixed_signed_vector|eager|1;ollama__qwen3-coder__30b|mixed_signed_vector|eager|3;ollama__qwen3-coder__30b|mixed_signed_vector|eager|5;ollama__qwen3-coder__30b|mixed_signed_vector|eager|2;ollama__qwen3-coder__30b|mixed_signed_vector|eager|4;ollama__qwen3-coder__30b|repeated_values_vector|eager|1;ollama__qwen3-coder__30b|repeated_values_vector|eager|3;ollama__qwen3-coder__30b|repeated_values_vector|eager|5;ollama__qwen3-coder__30b|repeated_values_vector|eager|2;ollama__qwen3-coder__30b|repeated_values_vector|eager|4;ollama__qwen3-coder__30b|small_positive_vector|eager|1;ollama__qwen3-coder__30b|small_positive_vector|eager|3;ollama__qwen3-coder__30b|small_positive_vector|eager|5;ollama__qwen3-coder__30b|small_positive_vector|eager|2;ollama__qwen3-coder__30b|small_positive_vector|eager|4
C,27544ae9bdac93c523f31baef48db186288a88736702245fd3a0c9964c50cc9c,5,ollama__qwen3-coder__30b|mixed_signed_vector|lazy|1;ollama__qwen3-coder__30b|repeated_values_vector|lazy|3;ollama__qwen3-coder__30b|repeated_values_vector|lazy|5;ollama__qwen3-coder__30b|repeated_values_vector|lazy|2;ollama__qwen3-coder__30b|repeated_values_vector|lazy|4
C,128209a9b0ea71e1f8bf10434356f112a3ee3277d0da7ece8fd1a578ef612ebc,10,ollama__qwen3-coder__30b|mixed_signed_vector|lazy|3;ollama__qwen3-coder__30b|mixed_signed_vector|lazy|5;ollama__qwen3-coder__30b|mixed_signed_vector|lazy|2;ollama__qwen3-coder__30b|mixed_signed_vector|lazy|4;ollama__qwen3-coder__30b|repeated_values_vector|lazy|1;ollama__qwen3-coder__30b|small_positive_vector|lazy|1;ollama__qwen3-coder__30b|small_positive_vector|lazy|3;ollama__qwen3-coder__30b|small_positive_vector|lazy|5;ollama__qwen3-coder__30b|small_positive_vector|lazy|2;ollama__qwen3-coder__30b|small_positive_vector|lazy|4
D,6e52d109065245d8538aaa9ccde14ef40f53bb7679ed552dc3275517b6ed4503,15,ollama__qwen2_5-coder__32b|branching_1|bfs|1;ollama__qwen2_5-coder__32b|branching_1|bfs|3;ollama__qwen2_5-coder__32b|branching_1|bfs|5;ollama__qwen2_5-coder__32b|branching_1|bfs|2;ollama__qwen2_5-coder__32b|branching_1|bfs|4;ollama__qwen2_5-coder__32b|branching_3|bfs|1;ollama__qwen2_5-coder__32b|branching_3|bfs|3;ollama__qwen2_5-coder__32b|branching_3|bfs|5;ollama__qwen2_5-coder__32b|branching_3|bfs|2;ollama__qwen2_5-coder__32b|branching_3|bfs|4;ollama__qwen2_5-coder__32b|branching_2|bfs|1;ollama__qwen2_5-coder__32b|branching_2|bfs|3;ollama__qwen2_5-coder__32b|branching_2|bfs|5;ollama__qwen2_5-coder__32b|branching_2|bfs|2;ollama__qwen2_5-coder__32b|branching_2|bfs|4
D,94ac2733dd06eb8a61952b29264ef963304a76d6e83709f70c57ee0073c8d13e,15,ollama__qwen2_5-coder__32b|branching_1|dfs|1;ollama__qwen2_5-coder__32b|branching_1|dfs|3;ollama__qwen2_5-coder__32b|branching_1|dfs|5;ollama__qwen2_5-coder__32b|branching_1|dfs|2;ollama__qwen2_5-coder__32b|branching_1|dfs|4;ollama__qwen2_5-coder__32b|branching_3|dfs|1;ollama__qwen2_5-coder__32b|branching_3|dfs|3;ollama__qwen2_5-coder__32b|branching_3|dfs|5;ollama__qwen2_5-coder__32b|branching_3|dfs|2;ollama__qwen2_5-coder__32b|branching_3|dfs|4;ollama__qwen2_5-coder__32b|branching_2|dfs|1;ollama__qwen2_5-coder__32b|branching_2|dfs|3;ollama__qwen2_5-coder__32b|branching_2|dfs|5;ollama__qwen2_5-coder__32b|branching_2|dfs|2;ollama__qwen2_5-coder__32b|branching_2|dfs|4
D,4f0bc334a1e840a1a5604edffff61d3374c8ce8688c3bf2409d20a29e146dcbd,15,ollama__qwen2_5-coder__14b|branching_1|bfs|1;ollama__qwen2_5-coder__14b|branching_1|bfs|3;ollama__qwen2_5-coder__14b|branching_1|bfs|5;ollama__qwen2_5-coder__14b|branching_1|bfs|2;ollama__qwen2_5-coder__14b|branching_1|bfs|4;ollama__qwen2_5-coder__14b|branching_3|bfs|1;ollama__qwen2_5-coder__14b|branching_3|bfs|3;ollama__qwen2_5-coder__14b|branching_3|bfs|5;ollama__qwen2_5-coder__14b|branching_3|bfs|2;ollama__qwen2_5-coder__14b|branching_3|bfs|4;ollama__qwen2_5-coder__14b|branching_2|bfs|1;ollama__qwen2_5-coder__14b|branching_2|bfs|3;ollama__qwen2_5-coder__14b|branching_2|bfs|5;ollama__qwen2_5-coder__14b|branching_2|bfs|2;ollama__qwen2_5-coder__14b|branching_2|bfs|4
D,a36a808d4d448286f042b4807507707ae6ab2ae6f3e9cd072bf9a384605d5442,15,ollama__qwen2_5-coder__14b|branching_1|dfs|1;ollama__qwen2_5-coder__14b|branching_1|dfs|3;ollama__qwen2_5-coder__14b|branching_1|dfs|5;ollama__qwen2_5-coder__14b|branching_1|dfs|2;ollama__qwen2_5-coder__14b|branching_1|dfs|4;ollama__qwen2_5-coder__14b|branching_3|dfs|1;ollama__qwen2_5-coder__14b|branching_3|dfs|3;ollama__qwen2_5-coder__14b|branching_3|dfs|5;ollama__qwen2_5-coder__14b|branching_3|dfs|2;ollama__qwen2_5-coder__14b|branching_3|dfs|4;ollama__qwen2_5-coder__14b|branching_2|dfs|1;ollama__qwen2_5-coder__14b|branching_2|dfs|3;ollama__qwen2_5-coder__14b|branching_2|dfs|5;ollama__qwen2_5-coder__14b|branching_2|dfs|2;ollama__qwen2_5-coder__14b|branching_2|dfs|4
D,80f538f3ab703a04efa926690a8e12a87595e2005e143397229d7bb64cc01661,10,ollama__devstral__latest|branching_1|bfs|1;ollama__devstral__latest|branching_1|bfs|3;ollama__devstral__latest|branching_1|bfs|5;ollama__devstral__latest|branching_1|bfs|2;ollama__devstral__latest|branching_1|bfs|4;ollama__devstral__latest|branching_2|bfs|1;ollama__devstral__latest|branching_2|bfs|3;ollama__devstral__latest|branching_2|bfs|5;ollama__devstral__latest|branching_2|bfs|2;ollama__devstral__latest|branching_2|bfs|4
D,5f5a3ace2624165bc1124f43b83b17c997702de1ec9ec373e3575a1b42df22bf,5,ollama__devstral__latest|branching_1|dfs|1;ollama__devstral__latest|branching_1|dfs|3;ollama__devstral__latest|branching_1|dfs|5;ollama__devstral__latest|branching_1|dfs|2;ollama__devstral__latest|branching_1|dfs|4
D,777654f2eeee4c59ca9514b15baf5b86fecb717998fa3163dc7c457e9ea2a86e,5,ollama__devstral__latest|branching_3|bfs|1;ollama__devstral__latest|branching_3|bfs|3;ollama__devstral__latest|branching_3|bfs|5;ollama__devstral__latest|branching_3|bfs|2;ollama__devstral__latest|branching_3|bfs|4
D,4ea22c5a975b50e85204e1713b5ce49a4f1fbd69b019eab7579cdd11ddd22c03,5,ollama__devstral__latest|branching_3|dfs|1;ollama__devstral__latest|branching_3|dfs|3;ollama__devstral__latest|branching_3|dfs|5;ollama__devstral__latest|branching_3|dfs|2;ollama__devstral__latest|branching_3|dfs|4
D,6f21bef8bdc1d8c8cf7016dd9b2da3db9c56121ebfb4f7ee6cd0c9101372302b,5,ollama__devstral__latest|branching_2|dfs|1;ollama__devstral__latest|branching_2|dfs|3;ollama__devstral__latest|branching_2|dfs|5;ollama__devstral__latest|branching_2|dfs|2;ollama__devstral__latest|branching_2|dfs|4
D,d167336e0e0982eebe33e69c3c5f70a2a99c6cff34bcdb5f9a2cb8676ec53528,15,ollama__qwen3-coder__30b|branching_1|bfs|1;ollama__qwen3-coder__30b|branching_1|bfs|3;ollama__qwen3-coder__30b|branching_1|bfs|5;ollama__qwen3-coder__30b|branching_1|bfs|2;ollama__qwen3-coder__30b|branching_1|bfs|4;ollama__qwen3-coder__30b|branching_3|bfs|1;ollama__qwen3-coder__30b|branching_3|bfs|3;ollama__qwen3-coder__30b|branching_3|bfs|5;ollama__qwen3-coder__30b|branching_3|bfs|2;ollama__qwen3-coder__30b|branching_3|bfs|4;ollama__qwen3-coder__30b|branching_2|bfs|1;ollama__qwen3-coder__30b|branching_2|bfs|3;ollama__qwen3-coder__30b|branching_2|bfs|5;ollama__qwen3-coder__30b|branching_2|bfs|2;ollama__qwen3-coder__30b|branching_2|bfs|4
D,85c85b010a2e86191a1280ba78b227a164cb55479111f175c0d91894e2d42742,14,ollama__qwen3-coder__30b|branching_1|dfs|1;ollama__qwen3-coder__30b|branching_1|dfs|3;ollama__qwen3-coder__30b|branching_1|dfs|5;ollama__qwen3-coder__30b|branching_1|dfs|2;ollama__qwen3-coder__30b|branching_1|dfs|4;ollama__qwen3-coder__30b|branching_3|dfs|3;ollama__qwen3-coder__30b|branching_3|dfs|5;ollama__qwen3-coder__30b|branching_3|dfs|2;ollama__qwen3-coder__30b|branching_3|dfs|4;ollama__qwen3-coder__30b|branching_2|dfs|1;ollama__qwen3-coder__30b|branching_2|dfs|3;ollama__qwen3-coder__30b|branching_2|dfs|5;ollama__qwen3-coder__30b|branching_2|dfs|2;ollama__qwen3-coder__30b|branching_2|dfs|4
E,342eb5bb1aab1e8e2d4d86250714acff88ca712ee05b8c665ad6149ac2d18eda,10,ollama__qwen2_5-coder__32b|mixed_tokens|randomized|1;ollama__qwen2_5-coder__32b|mixed_tokens|randomized|3;ollama__qwen2_5-coder__32b|mixed_tokens|randomized|5;ollama__qwen2_5-coder__32b|mixed_tokens|randomized|2;ollama__qwen2_5-coder__32b|mixed_tokens|randomized|4;ollama__qwen2_5-coder__32b|numbers_10|randomized|1;ollama__qwen2_5-coder__32b|numbers_10|randomized|3;ollama__qwen2_5-coder__32b|numbers_10|randomized|5;ollama__qwen2_5-coder__32b|numbers_10|randomized|2;ollama__qwen2_5-coder__32b|numbers_10|randomized|4
E,2555de0bcf1feb641c40158c8923eac261e9bcf15679af95c357db118cf2ccb0,35,ollama__qwen2_5-coder__32b|mixed_tokens|deterministic|1;ollama__qwen2_5-coder__32b|mixed_tokens|deterministic|3;ollama__qwen2_5-coder__32b|mixed_tokens|deterministic|5;ollama__qwen2_5-coder__32b|mixed_tokens|deterministic|2;ollama__qwen2_5-coder__32b|mixed_tokens|deterministic|4;ollama__qwen2_5-coder__32b|numbers_10|deterministic|1;ollama__qwen2_5-coder__32b|numbers_10|deterministic|3;ollama__qwen2_5-coder__32b|numbers_10|deterministic|5;ollama__qwen2_5-coder__32b|numbers_10|deterministic|2;ollama__qwen2_5-coder__32b|numbers_10|deterministic|4;ollama__qwen2_5-coder__32b|letters_8|deterministic|1;ollama__qwen2_5-coder__32b|letters_8|deterministic|3;ollama__qwen2_5-coder__32b|letters_8|deterministic|5;ollama__qwen2_5-coder__32b|letters_8|deterministic|2;ollama__qwen2_5-coder__32b|letters_8|deterministic|4;ollama__qwen2_5-coder__14b|mixed_tokens|deterministic|1;ollama__qwen2_5-coder__14b|mixed_tokens|deterministic|3;ollama__qwen2_5-coder__14b|mixed_tokens|deterministic|5;ollama__qwen2_5-coder__14b|mixed_tokens|deterministic|2;ollama__qwen2_5-coder__14b|mixed_tokens|deterministic|4;ollama__qwen2_5-coder__14b|numbers_10|deterministic|1;ollama__qwen2_5-coder__14b|numbers_10|deterministic|3;ollama__qwen2_5-coder__14b|numbers_10|deterministic|5;ollama__qwen2_5-coder__14b|numbers_10|deterministic|2;ollama__qwen2_5-coder__14b|numbers_10|deterministic|4;ollama__qwen2_5-coder__14b|letters_8|deterministic|1;ollama__qwen2_5-coder__14b|letters_8|deterministic|3;ollama__qwen2_5-coder__14b|letters_8|deterministic|5;ollama__qwen2_5-coder__14b|letters_8|deterministic|2;ollama__qwen2_5-coder__14b|letters_8|deterministic|4;ollama__devstral__latest|letters_8|deterministic|1;ollama__devstral__latest|letters_8|deterministic|3;ollama__devstral__latest|letters_8|deterministic|5;ollama__devstral__latest|letters_8|deterministic|2;ollama__devstral__latest|letters_8|deterministic|4
E,f1eae3757577339a1ce2bbe047de870d30908343da91f5e1cc9f39bef4b29ae3,5,ollama__qwen2_5-coder__32b|letters_8|randomized|1;ollama__qwen2_5-coder__32b|letters_8|randomized|3;ollama__qwen2_5-coder__32b|letters_8|randomized|5;ollama__qwen2_5-coder__32b|letters_8|randomized|2;ollama__qwen2_5-coder__32b|letters_8|randomized|4
E,1a228433e2e105494d38e79e73a1b0c6462d892aa1df1ba5661850750056a9a7,10,ollama__qwen2_5-coder__14b|mixed_tokens|randomized|1;ollama__qwen2_5-coder__14b|mixed_tokens|randomized|3;ollama__qwen2_5-coder__14b|mixed_tokens|randomized|5;ollama__qwen2_5-coder__14b|mixed_tokens|randomized|2;ollama__qwen2_5-coder__14b|mixed_tokens|randomized|4;ollama__qwen2_5-coder__14b|letters_8|randomized|1;ollama__qwen2_5-coder__14b|letters_8|randomized|3;ollama__qwen2_5-coder__14b|letters_8|randomized|5;ollama__qwen2_5-coder__14b|letters_8|randomized|2;ollama__qwen2_5-coder__14b|letters_8|randomized|4
E,56e35c41acd0a8f339dab196fcafb99da9fb15afbfb98b0120b1fabd9606b6e3,5,ollama__qwen2_5-coder__14b|numbers_10|randomized|1;ollama__qwen2_5-coder__14b|numbers_10|randomized|3;ollama__qwen2_5-coder__14b|numbers_10|randomized|5;ollama__qwen2_5-coder__14b|numbers_10|randomized|2;ollama__qwen2_5-coder__14b|numbers_10|randomized|4
E,df304c531019357bee833e505272da0c4b8b1c513ca51f4e622c5f0bc93fb3c8,15,ollama__devstral__latest|mixed_tokens|randomized|1;ollama__devstral__latest|mixed_tokens|randomized|3;ollama__devstral__latest|mixed_tokens|randomized|5;ollama__devstral__latest|mixed_tokens|randomized|2;ollama__devstral__latest|mixed_tokens|randomized|4;ollama__devstral__latest|numbers_10|randomized|1;ollama__devstral__latest|numbers_10|randomized|3;ollama__devstral__latest|numbers_10|randomized|5;ollama__devstral__latest|numbers_10|randomized|2;ollama__devstral__latest|numbers_10|randomized|4;ollama__devstral__latest|letters_8|randomized|1;ollama__devstral__latest|letters_8|randomized|3;ollama__devstral__latest|letters_8|randomized|5;ollama__devstral__latest|letters_8|randomized|2;ollama__devstral__latest|letters_8|randomized|4
E,08f24827a7f59d2c3f2fcd886779343f93b4f0a704f5c42eabd955d6de453650,5,ollama__devstral__latest|mixed_tokens|deterministic|1;ollama__devstral__latest|mixed_tokens|deterministic|3;ollama__devstral__latest|mixed_tokens|deterministic|5;ollama__devstral__latest|mixed_tokens|deterministic|2;ollama__devstral__latest|mixed_tokens|deterministic|4
E,d75673adae94c20424e2f0b8999418f944d8bf041d0492bbc898ba780e93ab4a,5,ollama__devstral__latest|numbers_10|deterministic|1;ollama__devstral__latest|numbers_10|deterministic|3;ollama__devstral__latest|numbers_10|deterministic|5;ollama__devstral__latest|numbers_10|deterministic|2;ollama__devstral__latest|numbers_10|deterministic|4
E,7a82d9a757705d14b73a72ffa57515b073524d6fd3f1382326fe3186c54a4a6c,5,ollama__qwen3-coder__30b|mixed_tokens|randomized|1;ollama__qwen3-coder__30b|letters_8|randomized|3;ollama__qwen3-coder__30b|letters_8|randomized|5;ollama__qwen3-coder__30b|letters_8|randomized|2;ollama__qwen3-coder__30b|letters_8|randomized|4
E,021943a2eb7ba9ff288f3747cbfa7d98dcd5624c619994dc1ffa911a701e3518,5,ollama__qwen3-coder__30b|mixed_tokens|randomized|3;ollama__qwen3-coder__30b|mixed_tokens|randomized|5;ollama__qwen3-coder__30b|mixed_tokens|randomized|2;ollama__qwen3-coder__30b|mixed_tokens|randomized|4;ollama__qwen3-coder__30b|letters_8|randomized|1
E,af78e1608cbcce263a1c4607b85d893531f8e5f46779b6c2397e0d054236ed5d,15,ollama__qwen3-coder__30b|mixed_tokens|deterministic|1;ollama__qwen3-coder__30b|mixed_tokens|deterministic|3;ollama__qwen3-coder__30b|mixed_tokens|deterministic|5;ollama__qwen3-coder__30b|mixed_tokens|deterministic|2;ollama__qwen3-coder__30b|mixed_tokens|deterministic|4;ollama__qwen3-coder__30b|numbers_10|deterministic|1;ollama__qwen3-coder__30b|numbers_10|deterministic|3;ollama__qwen3-coder__30b|numbers_10|deterministic|5;ollama__qwen3-coder__30b|numbers_10|deterministic|2;ollama__qwen3-coder__30b|numbers_10|deterministic|4;ollama__qwen3-coder__30b|letters_8|deterministic|1;ollama__qwen3-coder__30b|letters_8|deterministic|3;ollama__qwen3-coder__30b|letters_8|deterministic|5;ollama__qwen3-coder__30b|letters_8|deterministic|2;ollama__qwen3-coder__30b|letters_8|deterministic|4
E,6f6849c8cdfbf2f98820b70b6fc4aa51fdfb83aa282cd7c6b6cda454b7f7bd04,5,ollama__qwen3-coder__30b|numbers_10|randomized|1;ollama__qwen3-coder__30b|numbers_10|randomized|3;ollama__qwen3-coder__30b|numbers_10|randomized|5;ollama__qwen3-coder__30b|numbers_10|randomized|2;ollama__qwen3-coder__30b|numbers_10|randomized|4
