class,strip_level,category,count
B,format_normalized,behavioral_failure,90
B,no_comments,supported_process_label,90
B,no_imports,behavioral_failure,90
B,raw,supported_process_label,90
B,renamed,behavioral_failure,90
C,format_normalized,behavioral_failure,120
C,no_comments,supported_process_label,120
C,no_imports,behavioral_failure,120
C,raw,supported_process_label,120
C,renamed,behavioral_failure,120
D,format_normalized,supported_process_label,120
D,no_comments,supported_process_label,120
D,no_imports,supported_process_label,120
D,raw,supported_process_label,120
D,renamed,supported_process_label,120
E,format_normalized,supported_process_label,120
E,no_comments,supported_process_label,120
E,no_imports,supported_process_label,120
E,raw,supported_process_label,120
E,renamed,supported_process_label,120
