number,value,location,source_file,notes
raw_consistency_checks,450,"Abstract, Methods, Results, Supplement","audit/strip_reoracle_summary.csv + phase2 archive_as_written","90+120+120+120 raw rows"
transformed_checks,1800,"Abstract, Methods, Results, Supplement","audit/strip_reoracle_summary.csv","2250-450"
transformed_failures,630,"Abstract, Results, Conclusion, Supplement","audit/transformation_failure_mechanism.csv","B270+C360; cumulative renamed..fmt"
transformed_failure_rate,0.350,"Abstract, Results","630/1800","not 630/2250"
B_failures,270,"Results, Supplement","90*3 cumulative levels",""
C_failures,360,"Results, Supplement","120*3 cumulative levels",""
B_raw_valid,90,"Table design-counts, Results","archive_design_counts.csv",""
C_raw_valid,120,"Table design-counts, Results","archive_design_counts.csv",""
D_raw_valid,120,"Table design-counts, Results","archive_design_counts.csv",""
E_raw_valid,120,"Table design-counts, Results","archive_design_counts.csv",""
B_hash_distinct_valid,15,"Table design-counts","archive_design_counts.csv","not independent n"
C_hash_distinct_valid,5,"Table design-counts","archive_design_counts.csv",""
D_hash_distinct_valid,12,"Table design-counts","archive_design_counts.csv",""
E_hash_distinct_valid,12,"Table design-counts","archive_design_counts.csv",""
C_full_demand_lazy_main_ambiguous,60,"Table controls","control_baseline_results.csv",""
C_full_demand_lazy_S_lazy,60,"Table controls","control_baseline_results.csv","brittle cue"
E_fixed_seed_randomized_to_deterministic,60,"Table controls","control_baseline_results.csv","raw strip_level"
D_linear_chain_ambiguous_per_pole,5,"Table controls","bfs_dfs_negative_control.csv",""
B_uncond_agree_at_renamed,1.000,"Results text","auditor_stability_aggregates.csv","despite 0 preserved"
C_fmt_historical_labels_same_bytes_as_reoracle,NO,"Results/Threats","class_c_format_normalized_provenance.csv","0/120 same_bytes"
