baseline,class,model,strip_level,n,coverage,accuracy,ambiguous_or_abstain_rate,information_used,rule_source,outcome_tuned,notes
B_behavior_only,B,ollama__devstral__latest,format_normalized,30,0.0000,,1.0000,behavioral_oracle_pass_bit_only,phase2_offline_analysis_plan.md#baseline-b,False,accuracy among non-abstain; n=raw-oracle-valid artifacts at strip level
B_behavior_only,B,ollama__devstral__latest,no_comments,30,0.0000,,1.0000,behavioral_oracle_pass_bit_only,phase2_offline_analysis_plan.md#baseline-b,False,accuracy among non-abstain; n=raw-oracle-valid artifacts at strip level
B_behavior_only,B,ollama__devstral__latest,no_imports,30,0.0000,,1.0000,behavioral_oracle_pass_bit_only,phase2_offline_analysis_plan.md#baseline-b,False,accuracy among non-abstain; n=raw-oracle-valid artifacts at strip level
B_behavior_only,B,ollama__devstral__latest,raw,30,0.0000,,1.0000,behavioral_oracle_pass_bit_only,phase2_offline_analysis_plan.md#baseline-b,False,accuracy among non-abstain; n=raw-oracle-valid artifacts at strip level
B_behavior_only,B,ollama__devstral__latest,renamed,30,0.0000,,1.0000,behavioral_oracle_pass_bit_only,phase2_offline_analysis_plan.md#baseline-b,False,accuracy among non-abstain; n=raw-oracle-valid artifacts at strip level
B_behavior_only,B,ollama__qwen2_5-coder__14b,format_normalized,30,0.0000,,1.0000,behavioral_oracle_pass_bit_only,phase2_offline_analysis_plan.md#baseline-b,False,accuracy among non-abstain; n=raw-oracle-valid artifacts at strip level
B_behavior_only,B,ollama__qwen2_5-coder__14b,no_comments,30,0.0000,,1.0000,behavioral_oracle_pass_bit_only,phase2_offline_analysis_plan.md#baseline-b,False,accuracy among non-abstain; n=raw-oracle-valid artifacts at strip level
B_behavior_only,B,ollama__qwen2_5-coder__14b,no_imports,30,0.0000,,1.0000,behavioral_oracle_pass_bit_only,phase2_offline_analysis_plan.md#baseline-b,False,accuracy among non-abstain; n=raw-oracle-valid artifacts at strip level
B_behavior_only,B,ollama__qwen2_5-coder__14b,raw,30,0.0000,,1.0000,behavioral_oracle_pass_bit_only,phase2_offline_analysis_plan.md#baseline-b,False,accuracy among non-abstain; n=raw-oracle-valid artifacts at strip level
B_behavior_only,B,ollama__qwen2_5-coder__14b,renamed,30,0.0000,,1.0000,behavioral_oracle_pass_bit_only,phase2_offline_analysis_plan.md#baseline-b,False,accuracy among non-abstain; n=raw-oracle-valid artifacts at strip level
B_behavior_only,B,ollama__qwen3-coder__30b,format_normalized,30,0.0000,,1.0000,behavioral_oracle_pass_bit_only,phase2_offline_analysis_plan.md#baseline-b,False,accuracy among non-abstain; n=raw-oracle-valid artifacts at strip level
B_behavior_only,B,ollama__qwen3-coder__30b,no_comments,30,0.0000,,1.0000,behavioral_oracle_pass_bit_only,phase2_offline_analysis_plan.md#baseline-b,False,accuracy among non-abstain; n=raw-oracle-valid artifacts at strip level
B_behavior_only,B,ollama__qwen3-coder__30b,no_imports,30,0.0000,,1.0000,behavioral_oracle_pass_bit_only,phase2_offline_analysis_plan.md#baseline-b,False,accuracy among non-abstain; n=raw-oracle-valid artifacts at strip level
B_behavior_only,B,ollama__qwen3-coder__30b,raw,30,0.0000,,1.0000,behavioral_oracle_pass_bit_only,phase2_offline_analysis_plan.md#baseline-b,False,accuracy among non-abstain; n=raw-oracle-valid artifacts at strip level
B_behavior_only,B,ollama__qwen3-coder__30b,renamed,30,0.0000,,1.0000,behavioral_oracle_pass_bit_only,phase2_offline_analysis_plan.md#baseline-b,False,accuracy among non-abstain; n=raw-oracle-valid artifacts at strip level
B_behavior_only,C,ollama__devstral__latest,format_normalized,30,0.0000,,1.0000,behavioral_oracle_pass_bit_only,phase2_offline_analysis_plan.md#baseline-b,False,accuracy among non-abstain; n=raw-oracle-valid artifacts at strip level
B_behavior_only,C,ollama__devstral__latest,no_comments,30,0.0000,,1.0000,behavioral_oracle_pass_bit_only,phase2_offline_analysis_plan.md#baseline-b,False,accuracy among non-abstain; n=raw-oracle-valid artifacts at strip level
B_behavior_only,C,ollama__devstral__latest,no_imports,30,0.0000,,1.0000,behavioral_oracle_pass_bit_only,phase2_offline_analysis_plan.md#baseline-b,False,accuracy among non-abstain; n=raw-oracle-valid artifacts at strip level
B_behavior_only,C,ollama__devstral__latest,raw,30,0.0000,,1.0000,behavioral_oracle_pass_bit_only,phase2_offline_analysis_plan.md#baseline-b,False,accuracy among non-abstain; n=raw-oracle-valid artifacts at strip level
B_behavior_only,C,ollama__devstral__latest,renamed,30,0.0000,,1.0000,behavioral_oracle_pass_bit_only,phase2_offline_analysis_plan.md#baseline-b,False,accuracy among non-abstain; n=raw-oracle-valid artifacts at strip level
B_behavior_only,C,ollama__qwen2_5-coder__14b,format_normalized,30,0.0000,,1.0000,behavioral_oracle_pass_bit_only,phase2_offline_analysis_plan.md#baseline-b,False,accuracy among non-abstain; n=raw-oracle-valid artifacts at strip level
B_behavior_only,C,ollama__qwen2_5-coder__14b,no_comments,30,0.0000,,1.0000,behavioral_oracle_pass_bit_only,phase2_offline_analysis_plan.md#baseline-b,False,accuracy among non-abstain; n=raw-oracle-valid artifacts at strip level
B_behavior_only,C,ollama__qwen2_5-coder__14b,no_imports,30,0.0000,,1.0000,behavioral_oracle_pass_bit_only,phase2_offline_analysis_plan.md#baseline-b,False,accuracy among non-abstain; n=raw-oracle-valid artifacts at strip level
B_behavior_only,C,ollama__qwen2_5-coder__14b,raw,30,0.0000,,1.0000,behavioral_oracle_pass_bit_only,phase2_offline_analysis_plan.md#baseline-b,False,accuracy among non-abstain; n=raw-oracle-valid artifacts at strip level
B_behavior_only,C,ollama__qwen2_5-coder__14b,renamed,30,0.0000,,1.0000,behavioral_oracle_pass_bit_only,phase2_offline_analysis_plan.md#baseline-b,False,accuracy among non-abstain; n=raw-oracle-valid artifacts at strip level
B_behavior_only,C,ollama__qwen2_5-coder__32b,format_normalized,30,0.0000,,1.0000,behavioral_oracle_pass_bit_only,phase2_offline_analysis_plan.md#baseline-b,False,accuracy among non-abstain; n=raw-oracle-valid artifacts at strip level
B_behavior_only,C,ollama__qwen2_5-coder__32b,no_comments,30,0.0000,,1.0000,behavioral_oracle_pass_bit_only,phase2_offline_analysis_plan.md#baseline-b,False,accuracy among non-abstain; n=raw-oracle-valid artifacts at strip level
B_behavior_only,C,ollama__qwen2_5-coder__32b,no_imports,30,0.0000,,1.0000,behavioral_oracle_pass_bit_only,phase2_offline_analysis_plan.md#baseline-b,False,accuracy among non-abstain; n=raw-oracle-valid artifacts at strip level
B_behavior_only,C,ollama__qwen2_5-coder__32b,raw,30,0.0000,,1.0000,behavioral_oracle_pass_bit_only,phase2_offline_analysis_plan.md#baseline-b,False,accuracy among non-abstain; n=raw-oracle-valid artifacts at strip level
B_behavior_only,C,ollama__qwen2_5-coder__32b,renamed,30,0.0000,,1.0000,behavioral_oracle_pass_bit_only,phase2_offline_analysis_plan.md#baseline-b,False,accuracy among non-abstain; n=raw-oracle-valid artifacts at strip level
B_behavior_only,C,ollama__qwen3-coder__30b,format_normalized,30,0.0000,,1.0000,behavioral_oracle_pass_bit_only,phase2_offline_analysis_plan.md#baseline-b,False,accuracy among non-abstain; n=raw-oracle-valid artifacts at strip level
B_behavior_only,C,ollama__qwen3-coder__30b,no_comments,30,0.0000,,1.0000,behavioral_oracle_pass_bit_only,phase2_offline_analysis_plan.md#baseline-b,False,accuracy among non-abstain; n=raw-oracle-valid artifacts at strip level
B_behavior_only,C,ollama__qwen3-coder__30b,no_imports,30,0.0000,,1.0000,behavioral_oracle_pass_bit_only,phase2_offline_analysis_plan.md#baseline-b,False,accuracy among non-abstain; n=raw-oracle-valid artifacts at strip level
B_behavior_only,C,ollama__qwen3-coder__30b,raw,30,0.0000,,1.0000,behavioral_oracle_pass_bit_only,phase2_offline_analysis_plan.md#baseline-b,False,accuracy among non-abstain; n=raw-oracle-valid artifacts at strip level
B_behavior_only,C,ollama__qwen3-coder__30b,renamed,30,0.0000,,1.0000,behavioral_oracle_pass_bit_only,phase2_offline_analysis_plan.md#baseline-b,False,accuracy among non-abstain; n=raw-oracle-valid artifacts at strip level
B_behavior_only,D,ollama__devstral__latest,format_normalized,30,0.0000,,1.0000,behavioral_oracle_pass_bit_only,phase2_offline_analysis_plan.md#baseline-b,False,accuracy among non-abstain; n=raw-oracle-valid artifacts at strip level
B_behavior_only,D,ollama__devstral__latest,no_comments,30,0.0000,,1.0000,behavioral_oracle_pass_bit_only,phase2_offline_analysis_plan.md#baseline-b,False,accuracy among non-abstain; n=raw-oracle-valid artifacts at strip level
B_behavior_only,D,ollama__devstral__latest,no_imports,30,0.0000,,1.0000,behavioral_oracle_pass_bit_only,phase2_offline_analysis_plan.md#baseline-b,False,accuracy among non-abstain; n=raw-oracle-valid artifacts at strip level
B_behavior_only,D,ollama__devstral__latest,raw,30,0.0000,,1.0000,behavioral_oracle_pass_bit_only,phase2_offline_analysis_plan.md#baseline-b,False,accuracy among non-abstain; n=raw-oracle-valid artifacts at strip level
B_behavior_only,D,ollama__devstral__latest,renamed,30,0.0000,,1.0000,behavioral_oracle_pass_bit_only,phase2_offline_analysis_plan.md#baseline-b,False,accuracy among non-abstain; n=raw-oracle-valid artifacts at strip level
B_behavior_only,D,ollama__qwen2_5-coder__14b,format_normalized,30,0.0000,,1.0000,behavioral_oracle_pass_bit_only,phase2_offline_analysis_plan.md#baseline-b,False,accuracy among non-abstain; n=raw-oracle-valid artifacts at strip level
B_behavior_only,D,ollama__qwen2_5-coder__14b,no_comments,30,0.0000,,1.0000,behavioral_oracle_pass_bit_only,phase2_offline_analysis_plan.md#baseline-b,False,accuracy among non-abstain; n=raw-oracle-valid artifacts at strip level
B_behavior_only,D,ollama__qwen2_5-coder__14b,no_imports,30,0.0000,,1.0000,behavioral_oracle_pass_bit_only,phase2_offline_analysis_plan.md#baseline-b,False,accuracy among non-abstain; n=raw-oracle-valid artifacts at strip level
B_behavior_only,D,ollama__qwen2_5-coder__14b,raw,30,0.0000,,1.0000,behavioral_oracle_pass_bit_only,phase2_offline_analysis_plan.md#baseline-b,False,accuracy among non-abstain; n=raw-oracle-valid artifacts at strip level
B_behavior_only,D,ollama__qwen2_5-coder__14b,renamed,30,0.0000,,1.0000,behavioral_oracle_pass_bit_only,phase2_offline_analysis_plan.md#baseline-b,False,accuracy among non-abstain; n=raw-oracle-valid artifacts at strip level
B_behavior_only,D,ollama__qwen2_5-coder__32b,format_normalized,30,0.0000,,1.0000,behavioral_oracle_pass_bit_only,phase2_offline_analysis_plan.md#baseline-b,False,accuracy among non-abstain; n=raw-oracle-valid artifacts at strip level
B_behavior_only,D,ollama__qwen2_5-coder__32b,no_comments,30,0.0000,,1.0000,behavioral_oracle_pass_bit_only,phase2_offline_analysis_plan.md#baseline-b,False,accuracy among non-abstain; n=raw-oracle-valid artifacts at strip level
B_behavior_only,D,ollama__qwen2_5-coder__32b,no_imports,30,0.0000,,1.0000,behavioral_oracle_pass_bit_only,phase2_offline_analysis_plan.md#baseline-b,False,accuracy among non-abstain; n=raw-oracle-valid artifacts at strip level
B_behavior_only,D,ollama__qwen2_5-coder__32b,raw,30,0.0000,,1.0000,behavioral_oracle_pass_bit_only,phase2_offline_analysis_plan.md#baseline-b,False,accuracy among non-abstain; n=raw-oracle-valid artifacts at strip level
B_behavior_only,D,ollama__qwen2_5-coder__32b,renamed,30,0.0000,,1.0000,behavioral_oracle_pass_bit_only,phase2_offline_analysis_plan.md#baseline-b,False,accuracy among non-abstain; n=raw-oracle-valid artifacts at strip level
B_behavior_only,D,ollama__qwen3-coder__30b,format_normalized,30,0.0000,,1.0000,behavioral_oracle_pass_bit_only,phase2_offline_analysis_plan.md#baseline-b,False,accuracy among non-abstain; n=raw-oracle-valid artifacts at strip level
B_behavior_only,D,ollama__qwen3-coder__30b,no_comments,30,0.0000,,1.0000,behavioral_oracle_pass_bit_only,phase2_offline_analysis_plan.md#baseline-b,False,accuracy among non-abstain; n=raw-oracle-valid artifacts at strip level
B_behavior_only,D,ollama__qwen3-coder__30b,no_imports,30,0.0000,,1.0000,behavioral_oracle_pass_bit_only,phase2_offline_analysis_plan.md#baseline-b,False,accuracy among non-abstain; n=raw-oracle-valid artifacts at strip level
B_behavior_only,D,ollama__qwen3-coder__30b,raw,30,0.0000,,1.0000,behavioral_oracle_pass_bit_only,phase2_offline_analysis_plan.md#baseline-b,False,accuracy among non-abstain; n=raw-oracle-valid artifacts at strip level
B_behavior_only,D,ollama__qwen3-coder__30b,renamed,30,0.0000,,1.0000,behavioral_oracle_pass_bit_only,phase2_offline_analysis_plan.md#baseline-b,False,accuracy among non-abstain; n=raw-oracle-valid artifacts at strip level
B_behavior_only,E,ollama__devstral__latest,format_normalized,30,0.0000,,1.0000,behavioral_oracle_pass_bit_only,phase2_offline_analysis_plan.md#baseline-b,False,accuracy among non-abstain; n=raw-oracle-valid artifacts at strip level
B_behavior_only,E,ollama__devstral__latest,no_comments,30,0.0000,,1.0000,behavioral_oracle_pass_bit_only,phase2_offline_analysis_plan.md#baseline-b,False,accuracy among non-abstain; n=raw-oracle-valid artifacts at strip level
B_behavior_only,E,ollama__devstral__latest,no_imports,30,0.0000,,1.0000,behavioral_oracle_pass_bit_only,phase2_offline_analysis_plan.md#baseline-b,False,accuracy among non-abstain; n=raw-oracle-valid artifacts at strip level
B_behavior_only,E,ollama__devstral__latest,raw,30,0.0000,,1.0000,behavioral_oracle_pass_bit_only,phase2_offline_analysis_plan.md#baseline-b,False,accuracy among non-abstain; n=raw-oracle-valid artifacts at strip level
B_behavior_only,E,ollama__devstral__latest,renamed,30,0.0000,,1.0000,behavioral_oracle_pass_bit_only,phase2_offline_analysis_plan.md#baseline-b,False,accuracy among non-abstain; n=raw-oracle-valid artifacts at strip level
B_behavior_only,E,ollama__qwen2_5-coder__14b,format_normalized,30,0.0000,,1.0000,behavioral_oracle_pass_bit_only,phase2_offline_analysis_plan.md#baseline-b,False,accuracy among non-abstain; n=raw-oracle-valid artifacts at strip level
B_behavior_only,E,ollama__qwen2_5-coder__14b,no_comments,30,0.0000,,1.0000,behavioral_oracle_pass_bit_only,phase2_offline_analysis_plan.md#baseline-b,False,accuracy among non-abstain; n=raw-oracle-valid artifacts at strip level
B_behavior_only,E,ollama__qwen2_5-coder__14b,no_imports,30,0.0000,,1.0000,behavioral_oracle_pass_bit_only,phase2_offline_analysis_plan.md#baseline-b,False,accuracy among non-abstain; n=raw-oracle-valid artifacts at strip level
B_behavior_only,E,ollama__qwen2_5-coder__14b,raw,30,0.0000,,1.0000,behavioral_oracle_pass_bit_only,phase2_offline_analysis_plan.md#baseline-b,False,accuracy among non-abstain; n=raw-oracle-valid artifacts at strip level
B_behavior_only,E,ollama__qwen2_5-coder__14b,renamed,30,0.0000,,1.0000,behavioral_oracle_pass_bit_only,phase2_offline_analysis_plan.md#baseline-b,False,accuracy among non-abstain; n=raw-oracle-valid artifacts at strip level
B_behavior_only,E,ollama__qwen2_5-coder__32b,format_normalized,30,0.0000,,1.0000,behavioral_oracle_pass_bit_only,phase2_offline_analysis_plan.md#baseline-b,False,accuracy among non-abstain; n=raw-oracle-valid artifacts at strip level
B_behavior_only,E,ollama__qwen2_5-coder__32b,no_comments,30,0.0000,,1.0000,behavioral_oracle_pass_bit_only,phase2_offline_analysis_plan.md#baseline-b,False,accuracy among non-abstain; n=raw-oracle-valid artifacts at strip level
B_behavior_only,E,ollama__qwen2_5-coder__32b,no_imports,30,0.0000,,1.0000,behavioral_oracle_pass_bit_only,phase2_offline_analysis_plan.md#baseline-b,False,accuracy among non-abstain; n=raw-oracle-valid artifacts at strip level
B_behavior_only,E,ollama__qwen2_5-coder__32b,raw,30,0.0000,,1.0000,behavioral_oracle_pass_bit_only,phase2_offline_analysis_plan.md#baseline-b,False,accuracy among non-abstain; n=raw-oracle-valid artifacts at strip level
B_behavior_only,E,ollama__qwen2_5-coder__32b,renamed,30,0.0000,,1.0000,behavioral_oracle_pass_bit_only,phase2_offline_analysis_plan.md#baseline-b,False,accuracy among non-abstain; n=raw-oracle-valid artifacts at strip level
B_behavior_only,E,ollama__qwen3-coder__30b,format_normalized,30,0.0000,,1.0000,behavioral_oracle_pass_bit_only,phase2_offline_analysis_plan.md#baseline-b,False,accuracy among non-abstain; n=raw-oracle-valid artifacts at strip level
B_behavior_only,E,ollama__qwen3-coder__30b,no_comments,30,0.0000,,1.0000,behavioral_oracle_pass_bit_only,phase2_offline_analysis_plan.md#baseline-b,False,accuracy among non-abstain; n=raw-oracle-valid artifacts at strip level
B_behavior_only,E,ollama__qwen3-coder__30b,no_imports,30,0.0000,,1.0000,behavioral_oracle_pass_bit_only,phase2_offline_analysis_plan.md#baseline-b,False,accuracy among non-abstain; n=raw-oracle-valid artifacts at strip level
B_behavior_only,E,ollama__qwen3-coder__30b,raw,30,0.0000,,1.0000,behavioral_oracle_pass_bit_only,phase2_offline_analysis_plan.md#baseline-b,False,accuracy among non-abstain; n=raw-oracle-valid artifacts at strip level
B_behavior_only,E,ollama__qwen3-coder__30b,renamed,30,0.0000,,1.0000,behavioral_oracle_pass_bit_only,phase2_offline_analysis_plan.md#baseline-b,False,accuracy among non-abstain; n=raw-oracle-valid artifacts at strip level
S_source_only,B,ollama__devstral__latest,format_normalized,30,0.5000,1.0000,0.5000,source_text_ast_only,phase2_offline_analysis_plan.md#baseline-s,False,accuracy among non-abstain; n=raw-oracle-valid artifacts at strip level
S_source_only,B,ollama__devstral__latest,no_comments,30,0.5000,1.0000,0.5000,source_text_ast_only,phase2_offline_analysis_plan.md#baseline-s,False,accuracy among non-abstain; n=raw-oracle-valid artifacts at strip level
S_source_only,B,ollama__devstral__latest,no_imports,30,0.5000,1.0000,0.5000,source_text_ast_only,phase2_offline_analysis_plan.md#baseline-s,False,accuracy among non-abstain; n=raw-oracle-valid artifacts at strip level
S_source_only,B,ollama__devstral__latest,raw,30,0.5000,1.0000,0.5000,source_text_ast_only,phase2_offline_analysis_plan.md#baseline-s,False,accuracy among non-abstain; n=raw-oracle-valid artifacts at strip level
S_source_only,B,ollama__devstral__latest,renamed,30,0.5000,1.0000,0.5000,source_text_ast_only,phase2_offline_analysis_plan.md#baseline-s,False,accuracy among non-abstain; n=raw-oracle-valid artifacts at strip level
S_source_only,B,ollama__qwen2_5-coder__14b,format_normalized,30,0.6667,0.7500,0.3333,source_text_ast_only,phase2_offline_analysis_plan.md#baseline-s,False,accuracy among non-abstain; n=raw-oracle-valid artifacts at strip level
S_source_only,B,ollama__qwen2_5-coder__14b,no_comments,30,0.6667,0.7500,0.3333,source_text_ast_only,phase2_offline_analysis_plan.md#baseline-s,False,accuracy among non-abstain; n=raw-oracle-valid artifacts at strip level
S_source_only,B,ollama__qwen2_5-coder__14b,no_imports,30,0.6667,0.7500,0.3333,source_text_ast_only,phase2_offline_analysis_plan.md#baseline-s,False,accuracy among non-abstain; n=raw-oracle-valid artifacts at strip level
S_source_only,B,ollama__qwen2_5-coder__14b,raw,30,0.6667,0.7500,0.3333,source_text_ast_only,phase2_offline_analysis_plan.md#baseline-s,False,accuracy among non-abstain; n=raw-oracle-valid artifacts at strip level
S_source_only,B,ollama__qwen2_5-coder__14b,renamed,30,0.6667,0.7500,0.3333,source_text_ast_only,phase2_offline_analysis_plan.md#baseline-s,False,accuracy among non-abstain; n=raw-oracle-valid artifacts at strip level
S_source_only,B,ollama__qwen3-coder__30b,format_normalized,30,0.5000,1.0000,0.5000,source_text_ast_only,phase2_offline_analysis_plan.md#baseline-s,False,accuracy among non-abstain; n=raw-oracle-valid artifacts at strip level
S_source_only,B,ollama__qwen3-coder__30b,no_comments,30,0.5000,1.0000,0.5000,source_text_ast_only,phase2_offline_analysis_plan.md#baseline-s,False,accuracy among non-abstain; n=raw-oracle-valid artifacts at strip level
S_source_only,B,ollama__qwen3-coder__30b,no_imports,30,0.5000,1.0000,0.5000,source_text_ast_only,phase2_offline_analysis_plan.md#baseline-s,False,accuracy among non-abstain; n=raw-oracle-valid artifacts at strip level
S_source_only,B,ollama__qwen3-coder__30b,raw,30,0.5000,1.0000,0.5000,source_text_ast_only,phase2_offline_analysis_plan.md#baseline-s,False,accuracy among non-abstain; n=raw-oracle-valid artifacts at strip level
S_source_only,B,ollama__qwen3-coder__30b,renamed,30,0.5000,1.0000,0.5000,source_text_ast_only,phase2_offline_analysis_plan.md#baseline-s,False,accuracy among non-abstain; n=raw-oracle-valid artifacts at strip level
S_source_only,C,ollama__devstral__latest,format_normalized,30,0.0000,,1.0000,source_text_ast_only,phase2_offline_analysis_plan.md#baseline-s,False,accuracy among non-abstain; n=raw-oracle-valid artifacts at strip level
S_source_only,C,ollama__devstral__latest,no_comments,30,1.0000,1.0000,0.0000,source_text_ast_only,phase2_offline_analysis_plan.md#baseline-s,False,accuracy among non-abstain; n=raw-oracle-valid artifacts at strip level
S_source_only,C,ollama__devstral__latest,no_imports,30,0.0000,,1.0000,source_text_ast_only,phase2_offline_analysis_plan.md#baseline-s,False,accuracy among non-abstain; n=raw-oracle-valid artifacts at strip level
S_source_only,C,ollama__devstral__latest,raw,30,1.0000,1.0000,0.0000,source_text_ast_only,phase2_offline_analysis_plan.md#baseline-s,False,accuracy among non-abstain; n=raw-oracle-valid artifacts at strip level
S_source_only,C,ollama__devstral__latest,renamed,30,0.0000,,1.0000,source_text_ast_only,phase2_offline_analysis_plan.md#baseline-s,False,accuracy among non-abstain; n=raw-oracle-valid artifacts at strip level
S_source_only,C,ollama__qwen2_5-coder__14b,format_normalized,30,0.0000,,1.0000,source_text_ast_only,phase2_offline_analysis_plan.md#baseline-s,False,accuracy among non-abstain; n=raw-oracle-valid artifacts at strip level
S_source_only,C,ollama__qwen2_5-coder__14b,no_comments,30,1.0000,1.0000,0.0000,source_text_ast_only,phase2_offline_analysis_plan.md#baseline-s,False,accuracy among non-abstain; n=raw-oracle-valid artifacts at strip level
S_source_only,C,ollama__qwen2_5-coder__14b,no_imports,30,0.0000,,1.0000,source_text_ast_only,phase2_offline_analysis_plan.md#baseline-s,False,accuracy among non-abstain; n=raw-oracle-valid artifacts at strip level
S_source_only,C,ollama__qwen2_5-coder__14b,raw,30,1.0000,1.0000,0.0000,source_text_ast_only,phase2_offline_analysis_plan.md#baseline-s,False,accuracy among non-abstain; n=raw-oracle-valid artifacts at strip level
S_source_only,C,ollama__qwen2_5-coder__14b,renamed,30,0.0000,,1.0000,source_text_ast_only,phase2_offline_analysis_plan.md#baseline-s,False,accuracy among non-abstain; n=raw-oracle-valid artifacts at strip level
S_source_only,C,ollama__qwen2_5-coder__32b,format_normalized,30,0.0000,,1.0000,source_text_ast_only,phase2_offline_analysis_plan.md#baseline-s,False,accuracy among non-abstain; n=raw-oracle-valid artifacts at strip level
S_source_only,C,ollama__qwen2_5-coder__32b,no_comments,30,1.0000,1.0000,0.0000,source_text_ast_only,phase2_offline_analysis_plan.md#baseline-s,False,accuracy among non-abstain; n=raw-oracle-valid artifacts at strip level
S_source_only,C,ollama__qwen2_5-coder__32b,no_imports,30,0.0000,,1.0000,source_text_ast_only,phase2_offline_analysis_plan.md#baseline-s,False,accuracy among non-abstain; n=raw-oracle-valid artifacts at strip level
S_source_only,C,ollama__qwen2_5-coder__32b,raw,30,1.0000,1.0000,0.0000,source_text_ast_only,phase2_offline_analysis_plan.md#baseline-s,False,accuracy among non-abstain; n=raw-oracle-valid artifacts at strip level
S_source_only,C,ollama__qwen2_5-coder__32b,renamed,30,0.0000,,1.0000,source_text_ast_only,phase2_offline_analysis_plan.md#baseline-s,False,accuracy among non-abstain; n=raw-oracle-valid artifacts at strip level
S_source_only,C,ollama__qwen3-coder__30b,format_normalized,30,0.0000,,1.0000,source_text_ast_only,phase2_offline_analysis_plan.md#baseline-s,False,accuracy among non-abstain; n=raw-oracle-valid artifacts at strip level
S_source_only,C,ollama__qwen3-coder__30b,no_comments,30,1.0000,1.0000,0.0000,source_text_ast_only,phase2_offline_analysis_plan.md#baseline-s,False,accuracy among non-abstain; n=raw-oracle-valid artifacts at strip level
S_source_only,C,ollama__qwen3-coder__30b,no_imports,30,0.0000,,1.0000,source_text_ast_only,phase2_offline_analysis_plan.md#baseline-s,False,accuracy among non-abstain; n=raw-oracle-valid artifacts at strip level
S_source_only,C,ollama__qwen3-coder__30b,raw,30,1.0000,1.0000,0.0000,source_text_ast_only,phase2_offline_analysis_plan.md#baseline-s,False,accuracy among non-abstain; n=raw-oracle-valid artifacts at strip level
S_source_only,C,ollama__qwen3-coder__30b,renamed,30,0.0000,,1.0000,source_text_ast_only,phase2_offline_analysis_plan.md#baseline-s,False,accuracy among non-abstain; n=raw-oracle-valid artifacts at strip level
S_source_only,D,ollama__devstral__latest,format_normalized,30,0.8333,1.0000,0.1667,source_text_ast_only,phase2_offline_analysis_plan.md#baseline-s,False,accuracy among non-abstain; n=raw-oracle-valid artifacts at strip level
S_source_only,D,ollama__devstral__latest,no_comments,30,1.0000,1.0000,0.0000,source_text_ast_only,phase2_offline_analysis_plan.md#baseline-s,False,accuracy among non-abstain; n=raw-oracle-valid artifacts at strip level
S_source_only,D,ollama__devstral__latest,no_imports,30,0.8333,1.0000,0.1667,source_text_ast_only,phase2_offline_analysis_plan.md#baseline-s,False,accuracy among non-abstain; n=raw-oracle-valid artifacts at strip level
S_source_only,D,ollama__devstral__latest,raw,30,1.0000,1.0000,0.0000,source_text_ast_only,phase2_offline_analysis_plan.md#baseline-s,False,accuracy among non-abstain; n=raw-oracle-valid artifacts at strip level
S_source_only,D,ollama__devstral__latest,renamed,30,0.8333,1.0000,0.1667,source_text_ast_only,phase2_offline_analysis_plan.md#baseline-s,False,accuracy among non-abstain; n=raw-oracle-valid artifacts at strip level
S_source_only,D,ollama__qwen2_5-coder__14b,format_normalized,30,0.5000,1.0000,0.5000,source_text_ast_only,phase2_offline_analysis_plan.md#baseline-s,False,accuracy among non-abstain; n=raw-oracle-valid artifacts at strip level
S_source_only,D,ollama__qwen2_5-coder__14b,no_comments,30,1.0000,1.0000,0.0000,source_text_ast_only,phase2_offline_analysis_plan.md#baseline-s,False,accuracy among non-abstain; n=raw-oracle-valid artifacts at strip level
S_source_only,D,ollama__qwen2_5-coder__14b,no_imports,30,0.5000,1.0000,0.5000,source_text_ast_only,phase2_offline_analysis_plan.md#baseline-s,False,accuracy among non-abstain; n=raw-oracle-valid artifacts at strip level
S_source_only,D,ollama__qwen2_5-coder__14b,raw,30,1.0000,1.0000,0.0000,source_text_ast_only,phase2_offline_analysis_plan.md#baseline-s,False,accuracy among non-abstain; n=raw-oracle-valid artifacts at strip level
S_source_only,D,ollama__qwen2_5-coder__14b,renamed,30,0.5000,1.0000,0.5000,source_text_ast_only,phase2_offline_analysis_plan.md#baseline-s,False,accuracy among non-abstain; n=raw-oracle-valid artifacts at strip level
S_source_only,D,ollama__qwen2_5-coder__32b,format_normalized,30,0.5000,1.0000,0.5000,source_text_ast_only,phase2_offline_analysis_plan.md#baseline-s,False,accuracy among non-abstain; n=raw-oracle-valid artifacts at strip level
S_source_only,D,ollama__qwen2_5-coder__32b,no_comments,30,1.0000,1.0000,0.0000,source_text_ast_only,phase2_offline_analysis_plan.md#baseline-s,False,accuracy among non-abstain; n=raw-oracle-valid artifacts at strip level
S_source_only,D,ollama__qwen2_5-coder__32b,no_imports,30,0.5000,1.0000,0.5000,source_text_ast_only,phase2_offline_analysis_plan.md#baseline-s,False,accuracy among non-abstain; n=raw-oracle-valid artifacts at strip level
S_source_only,D,ollama__qwen2_5-coder__32b,raw,30,1.0000,1.0000,0.0000,source_text_ast_only,phase2_offline_analysis_plan.md#baseline-s,False,accuracy among non-abstain; n=raw-oracle-valid artifacts at strip level
S_source_only,D,ollama__qwen2_5-coder__32b,renamed,30,0.5000,1.0000,0.5000,source_text_ast_only,phase2_offline_analysis_plan.md#baseline-s,False,accuracy among non-abstain; n=raw-oracle-valid artifacts at strip level
S_source_only,D,ollama__qwen3-coder__30b,format_normalized,30,0.5000,1.0000,0.5000,source_text_ast_only,phase2_offline_analysis_plan.md#baseline-s,False,accuracy among non-abstain; n=raw-oracle-valid artifacts at strip level
S_source_only,D,ollama__qwen3-coder__30b,no_comments,30,1.0000,1.0000,0.0000,source_text_ast_only,phase2_offline_analysis_plan.md#baseline-s,False,accuracy among non-abstain; n=raw-oracle-valid artifacts at strip level
S_source_only,D,ollama__qwen3-coder__30b,no_imports,30,0.5000,1.0000,0.5000,source_text_ast_only,phase2_offline_analysis_plan.md#baseline-s,False,accuracy among non-abstain; n=raw-oracle-valid artifacts at strip level
S_source_only,D,ollama__qwen3-coder__30b,raw,30,1.0000,1.0000,0.0000,source_text_ast_only,phase2_offline_analysis_plan.md#baseline-s,False,accuracy among non-abstain; n=raw-oracle-valid artifacts at strip level
S_source_only,D,ollama__qwen3-coder__30b,renamed,30,0.5000,1.0000,0.5000,source_text_ast_only,phase2_offline_analysis_plan.md#baseline-s,False,accuracy among non-abstain; n=raw-oracle-valid artifacts at strip level
S_source_only,E,ollama__devstral__latest,format_normalized,30,1.0000,0.8333,0.0000,source_text_ast_only,phase2_offline_analysis_plan.md#baseline-s,False,accuracy among non-abstain; n=raw-oracle-valid artifacts at strip level
S_source_only,E,ollama__devstral__latest,no_comments,30,1.0000,0.8333,0.0000,source_text_ast_only,phase2_offline_analysis_plan.md#baseline-s,False,accuracy among non-abstain; n=raw-oracle-valid artifacts at strip level
S_source_only,E,ollama__devstral__latest,no_imports,30,1.0000,0.8333,0.0000,source_text_ast_only,phase2_offline_analysis_plan.md#baseline-s,False,accuracy among non-abstain; n=raw-oracle-valid artifacts at strip level
S_source_only,E,ollama__devstral__latest,raw,30,1.0000,0.8333,0.0000,source_text_ast_only,phase2_offline_analysis_plan.md#baseline-s,False,accuracy among non-abstain; n=raw-oracle-valid artifacts at strip level
S_source_only,E,ollama__devstral__latest,renamed,30,1.0000,0.8333,0.0000,source_text_ast_only,phase2_offline_analysis_plan.md#baseline-s,False,accuracy among non-abstain; n=raw-oracle-valid artifacts at strip level
S_source_only,E,ollama__qwen2_5-coder__14b,format_normalized,30,1.0000,1.0000,0.0000,source_text_ast_only,phase2_offline_analysis_plan.md#baseline-s,False,accuracy among non-abstain; n=raw-oracle-valid artifacts at strip level
S_source_only,E,ollama__qwen2_5-coder__14b,no_comments,30,1.0000,1.0000,0.0000,source_text_ast_only,phase2_offline_analysis_plan.md#baseline-s,False,accuracy among non-abstain; n=raw-oracle-valid artifacts at strip level
S_source_only,E,ollama__qwen2_5-coder__14b,no_imports,30,1.0000,1.0000,0.0000,source_text_ast_only,phase2_offline_analysis_plan.md#baseline-s,False,accuracy among non-abstain; n=raw-oracle-valid artifacts at strip level
S_source_only,E,ollama__qwen2_5-coder__14b,raw,30,1.0000,1.0000,0.0000,source_text_ast_only,phase2_offline_analysis_plan.md#baseline-s,False,accuracy among non-abstain; n=raw-oracle-valid artifacts at strip level
S_source_only,E,ollama__qwen2_5-coder__14b,renamed,30,1.0000,1.0000,0.0000,source_text_ast_only,phase2_offline_analysis_plan.md#baseline-s,False,accuracy among non-abstain; n=raw-oracle-valid artifacts at strip level
S_source_only,E,ollama__qwen2_5-coder__32b,format_normalized,30,1.0000,1.0000,0.0000,source_text_ast_only,phase2_offline_analysis_plan.md#baseline-s,False,accuracy among non-abstain; n=raw-oracle-valid artifacts at strip level
S_source_only,E,ollama__qwen2_5-coder__32b,no_comments,30,1.0000,1.0000,0.0000,source_text_ast_only,phase2_offline_analysis_plan.md#baseline-s,False,accuracy among non-abstain; n=raw-oracle-valid artifacts at strip level
S_source_only,E,ollama__qwen2_5-coder__32b,no_imports,30,1.0000,1.0000,0.0000,source_text_ast_only,phase2_offline_analysis_plan.md#baseline-s,False,accuracy among non-abstain; n=raw-oracle-valid artifacts at strip level
S_source_only,E,ollama__qwen2_5-coder__32b,raw,30,1.0000,1.0000,0.0000,source_text_ast_only,phase2_offline_analysis_plan.md#baseline-s,False,accuracy among non-abstain; n=raw-oracle-valid artifacts at strip level
S_source_only,E,ollama__qwen2_5-coder__32b,renamed,30,1.0000,1.0000,0.0000,source_text_ast_only,phase2_offline_analysis_plan.md#baseline-s,False,accuracy among non-abstain; n=raw-oracle-valid artifacts at strip level
S_source_only,E,ollama__qwen3-coder__30b,format_normalized,30,1.0000,1.0000,0.0000,source_text_ast_only,phase2_offline_analysis_plan.md#baseline-s,False,accuracy among non-abstain; n=raw-oracle-valid artifacts at strip level
S_source_only,E,ollama__qwen3-coder__30b,no_comments,30,1.0000,1.0000,0.0000,source_text_ast_only,phase2_offline_analysis_plan.md#baseline-s,False,accuracy among non-abstain; n=raw-oracle-valid artifacts at strip level
S_source_only,E,ollama__qwen3-coder__30b,no_imports,30,1.0000,1.0000,0.0000,source_text_ast_only,phase2_offline_analysis_plan.md#baseline-s,False,accuracy among non-abstain; n=raw-oracle-valid artifacts at strip level
S_source_only,E,ollama__qwen3-coder__30b,raw,30,1.0000,1.0000,0.0000,source_text_ast_only,phase2_offline_analysis_plan.md#baseline-s,False,accuracy among non-abstain; n=raw-oracle-valid artifacts at strip level
S_source_only,E,ollama__qwen3-coder__30b,renamed,30,1.0000,1.0000,0.0000,source_text_ast_only,phase2_offline_analysis_plan.md#baseline-s,False,accuracy among non-abstain; n=raw-oracle-valid artifacts at strip level
T_trace_direct,B,ollama__devstral__latest,format_normalized,30,1.0000,1.0000,0.0000,runtime_trace_evidence_fields_only,phase2_offline_analysis_plan.md#baseline-t,False,accuracy among non-abstain; n=raw-oracle-valid artifacts at strip level
T_trace_direct,B,ollama__devstral__latest,no_comments,30,1.0000,1.0000,0.0000,runtime_trace_evidence_fields_only,phase2_offline_analysis_plan.md#baseline-t,False,accuracy among non-abstain; n=raw-oracle-valid artifacts at strip level
T_trace_direct,B,ollama__devstral__latest,no_imports,30,1.0000,1.0000,0.0000,runtime_trace_evidence_fields_only,phase2_offline_analysis_plan.md#baseline-t,False,accuracy among non-abstain; n=raw-oracle-valid artifacts at strip level
T_trace_direct,B,ollama__devstral__latest,raw,30,1.0000,1.0000,0.0000,runtime_trace_evidence_fields_only,phase2_offline_analysis_plan.md#baseline-t,False,accuracy among non-abstain; n=raw-oracle-valid artifacts at strip level
T_trace_direct,B,ollama__devstral__latest,renamed,30,1.0000,1.0000,0.0000,runtime_trace_evidence_fields_only,phase2_offline_analysis_plan.md#baseline-t,False,accuracy among non-abstain; n=raw-oracle-valid artifacts at strip level
T_trace_direct,B,ollama__qwen2_5-coder__14b,format_normalized,30,1.0000,1.0000,0.0000,runtime_trace_evidence_fields_only,phase2_offline_analysis_plan.md#baseline-t,False,accuracy among non-abstain; n=raw-oracle-valid artifacts at strip level
T_trace_direct,B,ollama__qwen2_5-coder__14b,no_comments,30,1.0000,1.0000,0.0000,runtime_trace_evidence_fields_only,phase2_offline_analysis_plan.md#baseline-t,False,accuracy among non-abstain; n=raw-oracle-valid artifacts at strip level
T_trace_direct,B,ollama__qwen2_5-coder__14b,no_imports,30,1.0000,1.0000,0.0000,runtime_trace_evidence_fields_only,phase2_offline_analysis_plan.md#baseline-t,False,accuracy among non-abstain; n=raw-oracle-valid artifacts at strip level
T_trace_direct,B,ollama__qwen2_5-coder__14b,raw,30,1.0000,1.0000,0.0000,runtime_trace_evidence_fields_only,phase2_offline_analysis_plan.md#baseline-t,False,accuracy among non-abstain; n=raw-oracle-valid artifacts at strip level
T_trace_direct,B,ollama__qwen2_5-coder__14b,renamed,30,1.0000,1.0000,0.0000,runtime_trace_evidence_fields_only,phase2_offline_analysis_plan.md#baseline-t,False,accuracy among non-abstain; n=raw-oracle-valid artifacts at strip level
T_trace_direct,B,ollama__qwen3-coder__30b,format_normalized,30,1.0000,1.0000,0.0000,runtime_trace_evidence_fields_only,phase2_offline_analysis_plan.md#baseline-t,False,accuracy among non-abstain; n=raw-oracle-valid artifacts at strip level
T_trace_direct,B,ollama__qwen3-coder__30b,no_comments,30,1.0000,1.0000,0.0000,runtime_trace_evidence_fields_only,phase2_offline_analysis_plan.md#baseline-t,False,accuracy among non-abstain; n=raw-oracle-valid artifacts at strip level
T_trace_direct,B,ollama__qwen3-coder__30b,no_imports,30,1.0000,1.0000,0.0000,runtime_trace_evidence_fields_only,phase2_offline_analysis_plan.md#baseline-t,False,accuracy among non-abstain; n=raw-oracle-valid artifacts at strip level
T_trace_direct,B,ollama__qwen3-coder__30b,raw,30,1.0000,1.0000,0.0000,runtime_trace_evidence_fields_only,phase2_offline_analysis_plan.md#baseline-t,False,accuracy among non-abstain; n=raw-oracle-valid artifacts at strip level
T_trace_direct,B,ollama__qwen3-coder__30b,renamed,30,1.0000,1.0000,0.0000,runtime_trace_evidence_fields_only,phase2_offline_analysis_plan.md#baseline-t,False,accuracy among non-abstain; n=raw-oracle-valid artifacts at strip level
T_trace_direct,C,ollama__devstral__latest,format_normalized,30,1.0000,1.0000,0.0000,runtime_trace_evidence_fields_only,phase2_offline_analysis_plan.md#baseline-t,False,accuracy among non-abstain; n=raw-oracle-valid artifacts at strip level
T_trace_direct,C,ollama__devstral__latest,no_comments,30,1.0000,1.0000,0.0000,runtime_trace_evidence_fields_only,phase2_offline_analysis_plan.md#baseline-t,False,accuracy among non-abstain; n=raw-oracle-valid artifacts at strip level
T_trace_direct,C,ollama__devstral__latest,no_imports,30,1.0000,1.0000,0.0000,runtime_trace_evidence_fields_only,phase2_offline_analysis_plan.md#baseline-t,False,accuracy among non-abstain; n=raw-oracle-valid artifacts at strip level
T_trace_direct,C,ollama__devstral__latest,raw,30,1.0000,1.0000,0.0000,runtime_trace_evidence_fields_only,phase2_offline_analysis_plan.md#baseline-t,False,accuracy among non-abstain; n=raw-oracle-valid artifacts at strip level
T_trace_direct,C,ollama__devstral__latest,renamed,30,1.0000,1.0000,0.0000,runtime_trace_evidence_fields_only,phase2_offline_analysis_plan.md#baseline-t,False,accuracy among non-abstain; n=raw-oracle-valid artifacts at strip level
T_trace_direct,C,ollama__qwen2_5-coder__14b,format_normalized,30,1.0000,1.0000,0.0000,runtime_trace_evidence_fields_only,phase2_offline_analysis_plan.md#baseline-t,False,accuracy among non-abstain; n=raw-oracle-valid artifacts at strip level
T_trace_direct,C,ollama__qwen2_5-coder__14b,no_comments,30,1.0000,1.0000,0.0000,runtime_trace_evidence_fields_only,phase2_offline_analysis_plan.md#baseline-t,False,accuracy among non-abstain; n=raw-oracle-valid artifacts at strip level
T_trace_direct,C,ollama__qwen2_5-coder__14b,no_imports,30,1.0000,1.0000,0.0000,runtime_trace_evidence_fields_only,phase2_offline_analysis_plan.md#baseline-t,False,accuracy among non-abstain; n=raw-oracle-valid artifacts at strip level
T_trace_direct,C,ollama__qwen2_5-coder__14b,raw,30,1.0000,1.0000,0.0000,runtime_trace_evidence_fields_only,phase2_offline_analysis_plan.md#baseline-t,False,accuracy among non-abstain; n=raw-oracle-valid artifacts at strip level
T_trace_direct,C,ollama__qwen2_5-coder__14b,renamed,30,1.0000,1.0000,0.0000,runtime_trace_evidence_fields_only,phase2_offline_analysis_plan.md#baseline-t,False,accuracy among non-abstain; n=raw-oracle-valid artifacts at strip level
T_trace_direct,C,ollama__qwen2_5-coder__32b,format_normalized,30,1.0000,1.0000,0.0000,runtime_trace_evidence_fields_only,phase2_offline_analysis_plan.md#baseline-t,False,accuracy among non-abstain; n=raw-oracle-valid artifacts at strip level
T_trace_direct,C,ollama__qwen2_5-coder__32b,no_comments,30,1.0000,1.0000,0.0000,runtime_trace_evidence_fields_only,phase2_offline_analysis_plan.md#baseline-t,False,accuracy among non-abstain; n=raw-oracle-valid artifacts at strip level
T_trace_direct,C,ollama__qwen2_5-coder__32b,no_imports,30,1.0000,1.0000,0.0000,runtime_trace_evidence_fields_only,phase2_offline_analysis_plan.md#baseline-t,False,accuracy among non-abstain; n=raw-oracle-valid artifacts at strip level
T_trace_direct,C,ollama__qwen2_5-coder__32b,raw,30,1.0000,1.0000,0.0000,runtime_trace_evidence_fields_only,phase2_offline_analysis_plan.md#baseline-t,False,accuracy among non-abstain; n=raw-oracle-valid artifacts at strip level
T_trace_direct,C,ollama__qwen2_5-coder__32b,renamed,30,1.0000,1.0000,0.0000,runtime_trace_evidence_fields_only,phase2_offline_analysis_plan.md#baseline-t,False,accuracy among non-abstain; n=raw-oracle-valid artifacts at strip level
T_trace_direct,C,ollama__qwen3-coder__30b,format_normalized,30,0.5000,1.0000,0.5000,runtime_trace_evidence_fields_only,phase2_offline_analysis_plan.md#baseline-t,False,accuracy among non-abstain; n=raw-oracle-valid artifacts at strip level
T_trace_direct,C,ollama__qwen3-coder__30b,no_comments,30,1.0000,1.0000,0.0000,runtime_trace_evidence_fields_only,phase2_offline_analysis_plan.md#baseline-t,False,accuracy among non-abstain; n=raw-oracle-valid artifacts at strip level
T_trace_direct,C,ollama__qwen3-coder__30b,no_imports,30,0.5000,1.0000,0.5000,runtime_trace_evidence_fields_only,phase2_offline_analysis_plan.md#baseline-t,False,accuracy among non-abstain; n=raw-oracle-valid artifacts at strip level
T_trace_direct,C,ollama__qwen3-coder__30b,raw,30,1.0000,1.0000,0.0000,runtime_trace_evidence_fields_only,phase2_offline_analysis_plan.md#baseline-t,False,accuracy among non-abstain; n=raw-oracle-valid artifacts at strip level
T_trace_direct,C,ollama__qwen3-coder__30b,renamed,30,0.5000,1.0000,0.5000,runtime_trace_evidence_fields_only,phase2_offline_analysis_plan.md#baseline-t,False,accuracy among non-abstain; n=raw-oracle-valid artifacts at strip level
T_trace_direct,D,ollama__devstral__latest,format_normalized,30,1.0000,1.0000,0.0000,runtime_trace_evidence_fields_only,phase2_offline_analysis_plan.md#baseline-t,False,accuracy among non-abstain; n=raw-oracle-valid artifacts at strip level
T_trace_direct,D,ollama__devstral__latest,no_comments,30,1.0000,1.0000,0.0000,runtime_trace_evidence_fields_only,phase2_offline_analysis_plan.md#baseline-t,False,accuracy among non-abstain; n=raw-oracle-valid artifacts at strip level
T_trace_direct,D,ollama__devstral__latest,no_imports,30,1.0000,1.0000,0.0000,runtime_trace_evidence_fields_only,phase2_offline_analysis_plan.md#baseline-t,False,accuracy among non-abstain; n=raw-oracle-valid artifacts at strip level
T_trace_direct,D,ollama__devstral__latest,raw,30,1.0000,1.0000,0.0000,runtime_trace_evidence_fields_only,phase2_offline_analysis_plan.md#baseline-t,False,accuracy among non-abstain; n=raw-oracle-valid artifacts at strip level
T_trace_direct,D,ollama__devstral__latest,renamed,30,1.0000,1.0000,0.0000,runtime_trace_evidence_fields_only,phase2_offline_analysis_plan.md#baseline-t,False,accuracy among non-abstain; n=raw-oracle-valid artifacts at strip level
T_trace_direct,D,ollama__qwen2_5-coder__14b,format_normalized,30,1.0000,1.0000,0.0000,runtime_trace_evidence_fields_only,phase2_offline_analysis_plan.md#baseline-t,False,accuracy among non-abstain; n=raw-oracle-valid artifacts at strip level
T_trace_direct,D,ollama__qwen2_5-coder__14b,no_comments,30,1.0000,1.0000,0.0000,runtime_trace_evidence_fields_only,phase2_offline_analysis_plan.md#baseline-t,False,accuracy among non-abstain; n=raw-oracle-valid artifacts at strip level
T_trace_direct,D,ollama__qwen2_5-coder__14b,no_imports,30,1.0000,1.0000,0.0000,runtime_trace_evidence_fields_only,phase2_offline_analysis_plan.md#baseline-t,False,accuracy among non-abstain; n=raw-oracle-valid artifacts at strip level
T_trace_direct,D,ollama__qwen2_5-coder__14b,raw,30,1.0000,1.0000,0.0000,runtime_trace_evidence_fields_only,phase2_offline_analysis_plan.md#baseline-t,False,accuracy among non-abstain; n=raw-oracle-valid artifacts at strip level
T_trace_direct,D,ollama__qwen2_5-coder__14b,renamed,30,1.0000,1.0000,0.0000,runtime_trace_evidence_fields_only,phase2_offline_analysis_plan.md#baseline-t,False,accuracy among non-abstain; n=raw-oracle-valid artifacts at strip level
T_trace_direct,D,ollama__qwen2_5-coder__32b,format_normalized,30,1.0000,1.0000,0.0000,runtime_trace_evidence_fields_only,phase2_offline_analysis_plan.md#baseline-t,False,accuracy among non-abstain; n=raw-oracle-valid artifacts at strip level
T_trace_direct,D,ollama__qwen2_5-coder__32b,no_comments,30,1.0000,1.0000,0.0000,runtime_trace_evidence_fields_only,phase2_offline_analysis_plan.md#baseline-t,False,accuracy among non-abstain; n=raw-oracle-valid artifacts at strip level
T_trace_direct,D,ollama__qwen2_5-coder__32b,no_imports,30,1.0000,1.0000,0.0000,runtime_trace_evidence_fields_only,phase2_offline_analysis_plan.md#baseline-t,False,accuracy among non-abstain; n=raw-oracle-valid artifacts at strip level
T_trace_direct,D,ollama__qwen2_5-coder__32b,raw,30,1.0000,1.0000,0.0000,runtime_trace_evidence_fields_only,phase2_offline_analysis_plan.md#baseline-t,False,accuracy among non-abstain; n=raw-oracle-valid artifacts at strip level
T_trace_direct,D,ollama__qwen2_5-coder__32b,renamed,30,1.0000,1.0000,0.0000,runtime_trace_evidence_fields_only,phase2_offline_analysis_plan.md#baseline-t,False,accuracy among non-abstain; n=raw-oracle-valid artifacts at strip level
T_trace_direct,D,ollama__qwen3-coder__30b,format_normalized,30,1.0000,1.0000,0.0000,runtime_trace_evidence_fields_only,phase2_offline_analysis_plan.md#baseline-t,False,accuracy among non-abstain; n=raw-oracle-valid artifacts at strip level
T_trace_direct,D,ollama__qwen3-coder__30b,no_comments,30,1.0000,1.0000,0.0000,runtime_trace_evidence_fields_only,phase2_offline_analysis_plan.md#baseline-t,False,accuracy among non-abstain; n=raw-oracle-valid artifacts at strip level
T_trace_direct,D,ollama__qwen3-coder__30b,no_imports,30,1.0000,1.0000,0.0000,runtime_trace_evidence_fields_only,phase2_offline_analysis_plan.md#baseline-t,False,accuracy among non-abstain; n=raw-oracle-valid artifacts at strip level
T_trace_direct,D,ollama__qwen3-coder__30b,raw,30,1.0000,1.0000,0.0000,runtime_trace_evidence_fields_only,phase2_offline_analysis_plan.md#baseline-t,False,accuracy among non-abstain; n=raw-oracle-valid artifacts at strip level
T_trace_direct,D,ollama__qwen3-coder__30b,renamed,30,1.0000,1.0000,0.0000,runtime_trace_evidence_fields_only,phase2_offline_analysis_plan.md#baseline-t,False,accuracy among non-abstain; n=raw-oracle-valid artifacts at strip level
T_trace_direct,E,ollama__devstral__latest,format_normalized,30,1.0000,1.0000,0.0000,runtime_trace_evidence_fields_only,phase2_offline_analysis_plan.md#baseline-t,False,accuracy among non-abstain; n=raw-oracle-valid artifacts at strip level
T_trace_direct,E,ollama__devstral__latest,no_comments,30,1.0000,1.0000,0.0000,runtime_trace_evidence_fields_only,phase2_offline_analysis_plan.md#baseline-t,False,accuracy among non-abstain; n=raw-oracle-valid artifacts at strip level
T_trace_direct,E,ollama__devstral__latest,no_imports,30,1.0000,1.0000,0.0000,runtime_trace_evidence_fields_only,phase2_offline_analysis_plan.md#baseline-t,False,accuracy among non-abstain; n=raw-oracle-valid artifacts at strip level
T_trace_direct,E,ollama__devstral__latest,raw,30,1.0000,1.0000,0.0000,runtime_trace_evidence_fields_only,phase2_offline_analysis_plan.md#baseline-t,False,accuracy among non-abstain; n=raw-oracle-valid artifacts at strip level
T_trace_direct,E,ollama__devstral__latest,renamed,30,1.0000,1.0000,0.0000,runtime_trace_evidence_fields_only,phase2_offline_analysis_plan.md#baseline-t,False,accuracy among non-abstain; n=raw-oracle-valid artifacts at strip level
T_trace_direct,E,ollama__qwen2_5-coder__14b,format_normalized,30,1.0000,1.0000,0.0000,runtime_trace_evidence_fields_only,phase2_offline_analysis_plan.md#baseline-t,False,accuracy among non-abstain; n=raw-oracle-valid artifacts at strip level
T_trace_direct,E,ollama__qwen2_5-coder__14b,no_comments,30,1.0000,1.0000,0.0000,runtime_trace_evidence_fields_only,phase2_offline_analysis_plan.md#baseline-t,False,accuracy among non-abstain; n=raw-oracle-valid artifacts at strip level
T_trace_direct,E,ollama__qwen2_5-coder__14b,no_imports,30,1.0000,1.0000,0.0000,runtime_trace_evidence_fields_only,phase2_offline_analysis_plan.md#baseline-t,False,accuracy among non-abstain; n=raw-oracle-valid artifacts at strip level
T_trace_direct,E,ollama__qwen2_5-coder__14b,raw,30,1.0000,1.0000,0.0000,runtime_trace_evidence_fields_only,phase2_offline_analysis_plan.md#baseline-t,False,accuracy among non-abstain; n=raw-oracle-valid artifacts at strip level
T_trace_direct,E,ollama__qwen2_5-coder__14b,renamed,30,1.0000,1.0000,0.0000,runtime_trace_evidence_fields_only,phase2_offline_analysis_plan.md#baseline-t,False,accuracy among non-abstain; n=raw-oracle-valid artifacts at strip level
T_trace_direct,E,ollama__qwen2_5-coder__32b,format_normalized,30,1.0000,1.0000,0.0000,runtime_trace_evidence_fields_only,phase2_offline_analysis_plan.md#baseline-t,False,accuracy among non-abstain; n=raw-oracle-valid artifacts at strip level
T_trace_direct,E,ollama__qwen2_5-coder__32b,no_comments,30,1.0000,1.0000,0.0000,runtime_trace_evidence_fields_only,phase2_offline_analysis_plan.md#baseline-t,False,accuracy among non-abstain; n=raw-oracle-valid artifacts at strip level
T_trace_direct,E,ollama__qwen2_5-coder__32b,no_imports,30,1.0000,1.0000,0.0000,runtime_trace_evidence_fields_only,phase2_offline_analysis_plan.md#baseline-t,False,accuracy among non-abstain; n=raw-oracle-valid artifacts at strip level
T_trace_direct,E,ollama__qwen2_5-coder__32b,raw,30,1.0000,1.0000,0.0000,runtime_trace_evidence_fields_only,phase2_offline_analysis_plan.md#baseline-t,False,accuracy among non-abstain; n=raw-oracle-valid artifacts at strip level
T_trace_direct,E,ollama__qwen2_5-coder__32b,renamed,30,1.0000,1.0000,0.0000,runtime_trace_evidence_fields_only,phase2_offline_analysis_plan.md#baseline-t,False,accuracy among non-abstain; n=raw-oracle-valid artifacts at strip level
T_trace_direct,E,ollama__qwen3-coder__30b,format_normalized,30,1.0000,1.0000,0.0000,runtime_trace_evidence_fields_only,phase2_offline_analysis_plan.md#baseline-t,False,accuracy among non-abstain; n=raw-oracle-valid artifacts at strip level
T_trace_direct,E,ollama__qwen3-coder__30b,no_comments,30,1.0000,1.0000,0.0000,runtime_trace_evidence_fields_only,phase2_offline_analysis_plan.md#baseline-t,False,accuracy among non-abstain; n=raw-oracle-valid artifacts at strip level
T_trace_direct,E,ollama__qwen3-coder__30b,no_imports,30,1.0000,1.0000,0.0000,runtime_trace_evidence_fields_only,phase2_offline_analysis_plan.md#baseline-t,False,accuracy among non-abstain; n=raw-oracle-valid artifacts at strip level
T_trace_direct,E,ollama__qwen3-coder__30b,raw,30,1.0000,1.0000,0.0000,runtime_trace_evidence_fields_only,phase2_offline_analysis_plan.md#baseline-t,False,accuracy among non-abstain; n=raw-oracle-valid artifacts at strip level
T_trace_direct,E,ollama__qwen3-coder__30b,renamed,30,1.0000,1.0000,0.0000,runtime_trace_evidence_fields_only,phase2_offline_analysis_plan.md#baseline-t,False,accuracy among non-abstain; n=raw-oracle-valid artifacts at strip level
