class,pole,model,strip_level,n,raw_valid_n,stripped_valid_n,stripped_valid_rate,detector_accuracy_on_raw_valid,detector_accuracy_on_behavior_preserving,ambiguous_rate_on_raw_valid,strip_induced_behavioral_failures
B,simpson,ollama__devstral__latest,format_normalized,15,15,0,0.0000,1.0000,,0.0000,15
B,simpson,ollama__devstral__latest,no_comments,15,15,15,1.0000,1.0000,1.0000,0.0000,0
B,simpson,ollama__devstral__latest,no_imports,15,15,0,0.0000,1.0000,,0.0000,15
B,simpson,ollama__devstral__latest,raw,15,15,15,1.0000,1.0000,1.0000,0.0000,0
B,simpson,ollama__devstral__latest,renamed,15,15,0,0.0000,1.0000,,0.0000,15
B,simpson,ollama__qwen2_5-coder__14b,format_normalized,15,15,0,0.0000,1.0000,,0.0000,15
B,simpson,ollama__qwen2_5-coder__14b,no_comments,15,15,15,1.0000,1.0000,1.0000,0.0000,0
B,simpson,ollama__qwen2_5-coder__14b,no_imports,15,15,0,0.0000,1.0000,,0.0000,15
B,simpson,ollama__qwen2_5-coder__14b,raw,15,15,15,1.0000,1.0000,1.0000,0.0000,0
B,simpson,ollama__qwen2_5-coder__14b,renamed,15,15,0,0.0000,1.0000,,0.0000,15
B,simpson,ollama__qwen3-coder__30b,format_normalized,15,15,0,0.0000,1.0000,,0.0000,15
B,simpson,ollama__qwen3-coder__30b,no_comments,15,15,15,1.0000,1.0000,1.0000,0.0000,0
B,simpson,ollama__qwen3-coder__30b,no_imports,15,15,0,0.0000,1.0000,,0.0000,15
B,simpson,ollama__qwen3-coder__30b,raw,15,15,15,1.0000,1.0000,1.0000,0.0000,0
B,simpson,ollama__qwen3-coder__30b,renamed,15,15,0,0.0000,1.0000,,0.0000,15
B,trapezoidal,ollama__devstral__latest,format_normalized,15,15,0,0.0000,1.0000,,0.0000,15
B,trapezoidal,ollama__devstral__latest,no_comments,15,15,15,1.0000,1.0000,1.0000,0.0000,0
B,trapezoidal,ollama__devstral__latest,no_imports,15,15,0,0.0000,1.0000,,0.0000,15
B,trapezoidal,ollama__devstral__latest,raw,15,15,15,1.0000,1.0000,1.0000,0.0000,0
B,trapezoidal,ollama__devstral__latest,renamed,15,15,0,0.0000,1.0000,,0.0000,15
B,trapezoidal,ollama__qwen2_5-coder__14b,format_normalized,15,15,0,0.0000,1.0000,,0.0000,15
B,trapezoidal,ollama__qwen2_5-coder__14b,no_comments,15,15,15,1.0000,1.0000,1.0000,0.0000,0
B,trapezoidal,ollama__qwen2_5-coder__14b,no_imports,15,15,0,0.0000,1.0000,,0.0000,15
B,trapezoidal,ollama__qwen2_5-coder__14b,raw,15,15,15,1.0000,1.0000,1.0000,0.0000,0
B,trapezoidal,ollama__qwen2_5-coder__14b,renamed,15,15,0,0.0000,1.0000,,0.0000,15
B,trapezoidal,ollama__qwen3-coder__30b,format_normalized,15,15,0,0.0000,1.0000,,0.0000,15
B,trapezoidal,ollama__qwen3-coder__30b,no_comments,15,15,15,1.0000,1.0000,1.0000,0.0000,0
B,trapezoidal,ollama__qwen3-coder__30b,no_imports,15,15,0,0.0000,1.0000,,0.0000,15
B,trapezoidal,ollama__qwen3-coder__30b,raw,15,15,15,1.0000,1.0000,1.0000,0.0000,0
B,trapezoidal,ollama__qwen3-coder__30b,renamed,15,15,0,0.0000,1.0000,,0.0000,15
C,eager,ollama__devstral__latest,format_normalized,15,15,0,0.0000,1.0000,,0.0000,15
C,eager,ollama__devstral__latest,no_comments,15,15,15,1.0000,1.0000,1.0000,0.0000,0
C,eager,ollama__devstral__latest,no_imports,15,15,0,0.0000,1.0000,,0.0000,15
C,eager,ollama__devstral__latest,raw,15,15,15,1.0000,1.0000,1.0000,0.0000,0
C,eager,ollama__devstral__latest,renamed,15,15,0,0.0000,1.0000,,0.0000,15
C,eager,ollama__qwen2_5-coder__14b,format_normalized,15,15,0,0.0000,1.0000,,0.0000,15
C,eager,ollama__qwen2_5-coder__14b,no_comments,15,15,15,1.0000,1.0000,1.0000,0.0000,0
C,eager,ollama__qwen2_5-coder__14b,no_imports,15,15,0,0.0000,1.0000,,0.0000,15
C,eager,ollama__qwen2_5-coder__14b,raw,15,15,15,1.0000,1.0000,1.0000,0.0000,0
C,eager,ollama__qwen2_5-coder__14b,renamed,15,15,0,0.0000,1.0000,,0.0000,15
C,eager,ollama__qwen2_5-coder__32b,format_normalized,15,15,0,0.0000,1.0000,,0.0000,15
C,eager,ollama__qwen2_5-coder__32b,no_comments,15,15,15,1.0000,1.0000,1.0000,0.0000,0
C,eager,ollama__qwen2_5-coder__32b,no_imports,15,15,0,0.0000,1.0000,,0.0000,15
C,eager,ollama__qwen2_5-coder__32b,raw,15,15,15,1.0000,1.0000,1.0000,0.0000,0
C,eager,ollama__qwen2_5-coder__32b,renamed,15,15,0,0.0000,1.0000,,0.0000,15
C,eager,ollama__qwen3-coder__30b,format_normalized,15,15,0,0.0000,1.0000,,0.0000,15
C,eager,ollama__qwen3-coder__30b,no_comments,15,15,15,1.0000,1.0000,1.0000,0.0000,0
C,eager,ollama__qwen3-coder__30b,no_imports,15,15,0,0.0000,1.0000,,0.0000,15
C,eager,ollama__qwen3-coder__30b,raw,15,15,15,1.0000,1.0000,1.0000,0.0000,0
C,eager,ollama__qwen3-coder__30b,renamed,15,15,0,0.0000,1.0000,,0.0000,15
C,lazy,ollama__devstral__latest,format_normalized,15,15,0,0.0000,1.0000,,0.0000,15
C,lazy,ollama__devstral__latest,no_comments,15,15,15,1.0000,1.0000,1.0000,0.0000,0
C,lazy,ollama__devstral__latest,no_imports,15,15,0,0.0000,1.0000,,0.0000,15
C,lazy,ollama__devstral__latest,raw,15,15,15,1.0000,1.0000,1.0000,0.0000,0
C,lazy,ollama__devstral__latest,renamed,15,15,0,0.0000,1.0000,,0.0000,15
C,lazy,ollama__qwen2_5-coder__14b,format_normalized,15,15,0,0.0000,1.0000,,0.0000,15
C,lazy,ollama__qwen2_5-coder__14b,no_comments,15,15,15,1.0000,1.0000,1.0000,0.0000,0
C,lazy,ollama__qwen2_5-coder__14b,no_imports,15,15,0,0.0000,1.0000,,0.0000,15
C,lazy,ollama__qwen2_5-coder__14b,raw,15,15,15,1.0000,1.0000,1.0000,0.0000,0
C,lazy,ollama__qwen2_5-coder__14b,renamed,15,15,0,0.0000,1.0000,,0.0000,15
C,lazy,ollama__qwen2_5-coder__32b,format_normalized,15,15,0,0.0000,1.0000,,0.0000,15
C,lazy,ollama__qwen2_5-coder__32b,no_comments,15,15,15,1.0000,1.0000,1.0000,0.0000,0
C,lazy,ollama__qwen2_5-coder__32b,no_imports,15,15,0,0.0000,1.0000,,0.0000,15
C,lazy,ollama__qwen2_5-coder__32b,raw,15,15,15,1.0000,1.0000,1.0000,0.0000,0
C,lazy,ollama__qwen2_5-coder__32b,renamed,15,15,0,0.0000,1.0000,,0.0000,15
C,lazy,ollama__qwen3-coder__30b,format_normalized,15,15,0,0.0000,0.0000,,1.0000,15
C,lazy,ollama__qwen3-coder__30b,no_comments,15,15,15,1.0000,1.0000,1.0000,0.0000,0
C,lazy,ollama__qwen3-coder__30b,no_imports,15,15,0,0.0000,0.0000,,1.0000,15
C,lazy,ollama__qwen3-coder__30b,raw,15,15,15,1.0000,1.0000,1.0000,0.0000,0
C,lazy,ollama__qwen3-coder__30b,renamed,15,15,0,0.0000,0.0000,,1.0000,15
D,bfs,ollama__devstral__latest,format_normalized,15,15,15,1.0000,1.0000,1.0000,0.0000,0
D,bfs,ollama__devstral__latest,no_comments,15,15,15,1.0000,1.0000,1.0000,0.0000,0
D,bfs,ollama__devstral__latest,no_imports,15,15,15,1.0000,1.0000,1.0000,0.0000,0
D,bfs,ollama__devstral__latest,raw,15,15,15,1.0000,1.0000,1.0000,0.0000,0
D,bfs,ollama__devstral__latest,renamed,15,15,15,1.0000,1.0000,1.0000,0.0000,0
D,bfs,ollama__qwen2_5-coder__14b,format_normalized,15,15,15,1.0000,1.0000,1.0000,0.0000,0
D,bfs,ollama__qwen2_5-coder__14b,no_comments,15,15,15,1.0000,1.0000,1.0000,0.0000,0
D,bfs,ollama__qwen2_5-coder__14b,no_imports,15,15,15,1.0000,1.0000,1.0000,0.0000,0
D,bfs,ollama__qwen2_5-coder__14b,raw,15,15,15,1.0000,1.0000,1.0000,0.0000,0
D,bfs,ollama__qwen2_5-coder__14b,renamed,15,15,15,1.0000,1.0000,1.0000,0.0000,0
D,bfs,ollama__qwen2_5-coder__32b,format_normalized,15,15,15,1.0000,1.0000,1.0000,0.0000,0
D,bfs,ollama__qwen2_5-coder__32b,no_comments,15,15,15,1.0000,1.0000,1.0000,0.0000,0
D,bfs,ollama__qwen2_5-coder__32b,no_imports,15,15,15,1.0000,1.0000,1.0000,0.0000,0
D,bfs,ollama__qwen2_5-coder__32b,raw,15,15,15,1.0000,1.0000,1.0000,0.0000,0
D,bfs,ollama__qwen2_5-coder__32b,renamed,15,15,15,1.0000,1.0000,1.0000,0.0000,0
D,bfs,ollama__qwen3-coder__30b,format_normalized,15,15,15,1.0000,1.0000,1.0000,0.0000,0
D,bfs,ollama__qwen3-coder__30b,no_comments,15,15,15,1.0000,1.0000,1.0000,0.0000,0
D,bfs,ollama__qwen3-coder__30b,no_imports,15,15,15,1.0000,1.0000,1.0000,0.0000,0
D,bfs,ollama__qwen3-coder__30b,raw,15,15,15,1.0000,1.0000,1.0000,0.0000,0
D,bfs,ollama__qwen3-coder__30b,renamed,15,15,15,1.0000,1.0000,1.0000,0.0000,0
D,dfs,ollama__devstral__latest,format_normalized,15,15,15,1.0000,1.0000,1.0000,0.0000,0
D,dfs,ollama__devstral__latest,no_comments,15,15,15,1.0000,1.0000,1.0000,0.0000,0
D,dfs,ollama__devstral__latest,no_imports,15,15,15,1.0000,1.0000,1.0000,0.0000,0
D,dfs,ollama__devstral__latest,raw,15,15,15,1.0000,1.0000,1.0000,0.0000,0
D,dfs,ollama__devstral__latest,renamed,15,15,15,1.0000,1.0000,1.0000,0.0000,0
D,dfs,ollama__qwen2_5-coder__14b,format_normalized,15,15,15,1.0000,1.0000,1.0000,0.0000,0
D,dfs,ollama__qwen2_5-coder__14b,no_comments,15,15,15,1.0000,1.0000,1.0000,0.0000,0
D,dfs,ollama__qwen2_5-coder__14b,no_imports,15,15,15,1.0000,1.0000,1.0000,0.0000,0
D,dfs,ollama__qwen2_5-coder__14b,raw,15,15,15,1.0000,1.0000,1.0000,0.0000,0
D,dfs,ollama__qwen2_5-coder__14b,renamed,15,15,15,1.0000,1.0000,1.0000,0.0000,0
D,dfs,ollama__qwen2_5-coder__32b,format_normalized,15,15,15,1.0000,1.0000,1.0000,0.0000,0
D,dfs,ollama__qwen2_5-coder__32b,no_comments,15,15,15,1.0000,1.0000,1.0000,0.0000,0
D,dfs,ollama__qwen2_5-coder__32b,no_imports,15,15,15,1.0000,1.0000,1.0000,0.0000,0
D,dfs,ollama__qwen2_5-coder__32b,raw,15,15,15,1.0000,1.0000,1.0000,0.0000,0
D,dfs,ollama__qwen2_5-coder__32b,renamed,15,15,15,1.0000,1.0000,1.0000,0.0000,0
D,dfs,ollama__qwen3-coder__30b,format_normalized,15,15,15,1.0000,1.0000,1.0000,0.0000,0
D,dfs,ollama__qwen3-coder__30b,no_comments,15,15,15,1.0000,1.0000,1.0000,0.0000,0
D,dfs,ollama__qwen3-coder__30b,no_imports,15,15,15,1.0000,1.0000,1.0000,0.0000,0
D,dfs,ollama__qwen3-coder__30b,raw,15,15,15,1.0000,1.0000,1.0000,0.0000,0
D,dfs,ollama__qwen3-coder__30b,renamed,15,15,15,1.0000,1.0000,1.0000,0.0000,0
E,deterministic,ollama__devstral__latest,format_normalized,15,15,15,1.0000,1.0000,1.0000,0.0000,0
E,deterministic,ollama__devstral__latest,no_comments,15,15,15,1.0000,1.0000,1.0000,0.0000,0
E,deterministic,ollama__devstral__latest,no_imports,15,15,15,1.0000,1.0000,1.0000,0.0000,0
E,deterministic,ollama__devstral__latest,raw,15,15,15,1.0000,1.0000,1.0000,0.0000,0
E,deterministic,ollama__devstral__latest,renamed,15,15,15,1.0000,1.0000,1.0000,0.0000,0
E,deterministic,ollama__qwen2_5-coder__14b,format_normalized,15,15,15,1.0000,1.0000,1.0000,0.0000,0
E,deterministic,ollama__qwen2_5-coder__14b,no_comments,15,15,15,1.0000,1.0000,1.0000,0.0000,0
E,deterministic,ollama__qwen2_5-coder__14b,no_imports,15,15,15,1.0000,1.0000,1.0000,0.0000,0
E,deterministic,ollama__qwen2_5-coder__14b,raw,15,15,15,1.0000,1.0000,1.0000,0.0000,0
E,deterministic,ollama__qwen2_5-coder__14b,renamed,15,15,15,1.0000,1.0000,1.0000,0.0000,0
E,deterministic,ollama__qwen2_5-coder__32b,format_normalized,15,15,15,1.0000,1.0000,1.0000,0.0000,0
E,deterministic,ollama__qwen2_5-coder__32b,no_comments,15,15,15,1.0000,1.0000,1.0000,0.0000,0
E,deterministic,ollama__qwen2_5-coder__32b,no_imports,15,15,15,1.0000,1.0000,1.0000,0.0000,0
E,deterministic,ollama__qwen2_5-coder__32b,raw,15,15,15,1.0000,1.0000,1.0000,0.0000,0
E,deterministic,ollama__qwen2_5-coder__32b,renamed,15,15,15,1.0000,1.0000,1.0000,0.0000,0
E,deterministic,ollama__qwen3-coder__30b,format_normalized,15,15,15,1.0000,1.0000,1.0000,0.0000,0
E,deterministic,ollama__qwen3-coder__30b,no_comments,15,15,15,1.0000,1.0000,1.0000,0.0000,0
E,deterministic,ollama__qwen3-coder__30b,no_imports,15,15,15,1.0000,1.0000,1.0000,0.0000,0
E,deterministic,ollama__qwen3-coder__30b,raw,15,15,15,1.0000,1.0000,1.0000,0.0000,0
E,deterministic,ollama__qwen3-coder__30b,renamed,15,15,15,1.0000,1.0000,1.0000,0.0000,0
E,randomized,ollama__devstral__latest,format_normalized,15,15,15,1.0000,1.0000,1.0000,0.0000,0
E,randomized,ollama__devstral__latest,no_comments,15,15,15,1.0000,1.0000,1.0000,0.0000,0
E,randomized,ollama__devstral__latest,no_imports,15,15,15,1.0000,1.0000,1.0000,0.0000,0
E,randomized,ollama__devstral__latest,raw,15,15,15,1.0000,1.0000,1.0000,0.0000,0
E,randomized,ollama__devstral__latest,renamed,15,15,15,1.0000,1.0000,1.0000,0.0000,0
E,randomized,ollama__qwen2_5-coder__14b,format_normalized,15,15,15,1.0000,1.0000,1.0000,0.0000,0
E,randomized,ollama__qwen2_5-coder__14b,no_comments,15,15,15,1.0000,1.0000,1.0000,0.0000,0
E,randomized,ollama__qwen2_5-coder__14b,no_imports,15,15,15,1.0000,1.0000,1.0000,0.0000,0
E,randomized,ollama__qwen2_5-coder__14b,raw,15,15,15,1.0000,1.0000,1.0000,0.0000,0
E,randomized,ollama__qwen2_5-coder__14b,renamed,15,15,15,1.0000,1.0000,1.0000,0.0000,0
E,randomized,ollama__qwen2_5-coder__32b,format_normalized,15,15,15,1.0000,1.0000,1.0000,0.0000,0
E,randomized,ollama__qwen2_5-coder__32b,no_comments,15,15,15,1.0000,1.0000,1.0000,0.0000,0
E,randomized,ollama__qwen2_5-coder__32b,no_imports,15,15,15,1.0000,1.0000,1.0000,0.0000,0
E,randomized,ollama__qwen2_5-coder__32b,raw,15,15,15,1.0000,1.0000,1.0000,0.0000,0
E,randomized,ollama__qwen2_5-coder__32b,renamed,15,15,15,1.0000,1.0000,1.0000,0.0000,0
E,randomized,ollama__qwen3-coder__30b,format_normalized,15,15,15,1.0000,1.0000,1.0000,0.0000,0
E,randomized,ollama__qwen3-coder__30b,no_comments,15,15,15,1.0000,1.0000,1.0000,0.0000,0
E,randomized,ollama__qwen3-coder__30b,no_imports,15,15,15,1.0000,1.0000,1.0000,0.0000,0
E,randomized,ollama__qwen3-coder__30b,raw,15,15,15,1.0000,1.0000,1.0000,0.0000,0
E,randomized,ollama__qwen3-coder__30b,renamed,15,15,15,1.0000,1.0000,1.0000,0.0000,0
