path,role,sha256,historical_or_current,scientific_purpose,included,notes
data/core_v2,archived_study_trees,DIR,historical,Generated/transformed artifacts and related study data,YES,
results/core_v2/runs,archived_detector_exports,DIR,historical,Frozen evaluation run reports,YES,
results/phase2_offline_validation,phase2_offline_outputs,DIR,derived,Archive-as-written reoracle + baselines,YES,
results/phase5_review_closure,phase5_offline_outputs,DIR,derived,Provenance/design/controls/stability/taxonomy,YES,
results/paper_audit_canonical,canonical_csv_mirror,DIR,derived,Deposit-relative canonical tables for manuscript claims,YES,
provenance/stripping/historical_5032952fceaf4c6b/stripping.py,historical_stripper,5032952fceaf4c6b36e78b3f4414a0df1658d4abb37c53692d88356c82b310e0,historical,Stripping implementation that produced archived B/C transforms,YES,
provenance/stripping/current_aace1f27a9199db7/stripping.py,current_stripper,aace1f27a9199db78266694f63266c57a782851c4e31fa6126150ad6f338a18b,current,Current stripping with public-API preserve,YES,
provenance/stripping/README.md,stripper_provenance_doc,13b19af5f93fda685c601ed6735a8bd9197eb08566263052214c4672dd24c327,current,Explains historical vs current vs archive-as-written,YES,
scripts/phase2_offline_validation.py,offline_script,0c18ea2f62c875e03ad37e8bea22caf23ee19229d30cd6a7d6ae526a0c68d7ec,derived,Deterministic re-oracle/baseline runner,YES,
scripts/phase5_review_closure.py,offline_script,ca25ab6f1aa581a41a60304fe227469ad524fa406017af077795f1002fa4d309,derived,Deterministic Phase-5 closure analyses,YES,
scripts/verify_v2_offline_headlines.py,headline_verifier,892cc13bcb307213b298baa00c0b79d8ba544f07b0a2a3bdb9ee051591892473,current,No-model headline verification,YES,
REPRODUCIBILITY.md,repro_guide,4416156a0969f28fb315a2c69e607ab4c563e071fb0a35bc2c0da3adbf87eb5c,current,Verification without model generation,YES,
CITATION.cff,citation_metadata,6850a1bafa7baf386c91d8de495a47d2b284592d06c45b9ce7d96a54878500ac,current,Concept DOI until version DOI sync,YES,
.zenodo.json,zenodo_metadata,b9b9e38c9b3570c7c8a31c5f0924b2aacfb9b9a7dff273a709275cc15e83d63c,current,Deposit metadata for v2.0.1,YES,
CHANGELOG.md,changelog,47d5873eb2d2a4a43d0f8bf26829b2f40d9ebfaf36701b24998093581db99330,current,Release history,YES,
release/RELEASE_NOTES_v2.0.1.md,release_notes,83da1509cb7f4a82b3614d01ede8ec87c55bc0a068f089c2e9b5d20cbc62ee86,current,GitHub/Zenodo description basis,YES,
LICENSE,license,f255f8de4cd54f605682f730115d7bd753c8c223904504e1f31b7c8f22a699df,historical,MIT,YES,
results/paper_audit_canonical/archive_design_counts.csv,canonical_csv,74119345c182dac2632c52c528601003b41df472ad2581b35ac5ade61cfb558c,derived,Manuscript-supporting derived table,YES,
results/paper_audit_canonical/archive_duplicate_groups.csv,canonical_csv,624919ceb4b9805aed26b956363d84947d58db5ca432759d78e00fd63b51b296,derived,Manuscript-supporting derived table,YES,
results/paper_audit_canonical/auditor_stability_aggregates.csv,canonical_csv,fbaa8906237e1c2d9d7f1f1b5516e2367148ac0181a93d72ee90eff718a99b8c,derived,Manuscript-supporting derived table,YES,
results/paper_audit_canonical/auditor_stability_unconditional_conditional.csv,canonical_csv,9a067bbe1178dbdb4ab4a184ca6c844517bc292fae0bfe6535a9e0d32d73928b,derived,Manuscript-supporting derived table,YES,
results/paper_audit_canonical/class_c_format_normalized_provenance.csv,canonical_csv,be838e6fb6b3083612e0b4a89ead53e6083a359b67b0ee32366744a79af5624d,derived,Manuscript-supporting derived table,YES,
results/paper_audit_canonical/control_baseline_results.csv,canonical_csv,12df892a316b1117ef92d361c46d74314f51ac759306b8cc217a017b9cc0023e,derived,Manuscript-supporting derived table,YES,
results/paper_audit_canonical/failure_taxonomy.csv,canonical_csv,93ef6de5f2b99d8921f3edbb198b13c115bf3f6f509320ed478b15ade9f062be,derived,Manuscript-supporting derived table,YES,
results/paper_audit_canonical/headline_number_traceability.csv,canonical_csv,7f3304a89820931815198b2886c7ee3ce4f77caea5f3d964d7552f3921558b4f,derived,Manuscript-supporting derived table,YES,
results/paper_audit_canonical/offline_baseline_results.csv,canonical_csv,eb42b50710eb1782f9a49650646323c989e187c885d8d1c4feafc7bc4ab6fcf2,derived,Manuscript-supporting derived table,YES,
results/paper_audit_canonical/robustness_reoracle_decision.csv,canonical_csv,59786096ddbf689298e8c4a19a71c8c6fe2da77003f8dd305615ad88b1499f1f,derived,Manuscript-supporting derived table,YES,
results/paper_audit_canonical/strip_reoracle_results.csv,canonical_csv,de2a24a5abd5f23d760c08aabfce785da90dbfc5e4a141d2b1ad2c978a65a62f,derived,Manuscript-supporting derived table,YES,
results/paper_audit_canonical/strip_reoracle_results_archive_as_written.csv,canonical_csv,de2a24a5abd5f23d760c08aabfce785da90dbfc5e4a141d2b1ad2c978a65a62f,derived,Manuscript-supporting derived table,YES,
results/paper_audit_canonical/strip_reoracle_summary.csv,canonical_csv,41754eb5c11abdc03ea1c38462a444ca13b583842e2bedbb01c043460a257dcb,derived,Manuscript-supporting derived table,YES,
results/paper_audit_canonical/transformation_failure_mechanism.csv,canonical_csv,b928fe91403d41224c0478d8ea444cfa0957337d9aa6e789e30c77a38745fc4c,derived,Manuscript-supporting derived table,YES,
