class,strip_level,n_raw_valid,unconditional_agree_n,unconditional_agree_rate,behavior_preserving_n,conditional_agree_n,conditional_agree_rate
B,raw,90,90,1.0000,90,90,1.0000
B,no_comments,90,90,1.0000,90,90,1.0000
B,renamed,90,90,1.0000,0,,undefined
B,no_imports,90,90,1.0000,0,,undefined
B,format_normalized,90,90,1.0000,0,,undefined
C,raw,120,120,1.0000,120,120,1.0000
C,no_comments,120,120,1.0000,120,120,1.0000
C,renamed,120,105,0.8750,0,,undefined
C,no_imports,120,105,0.8750,0,,undefined
C,format_normalized,120,105,0.8750,0,,undefined
D,raw,120,120,1.0000,120,120,1.0000
D,no_comments,120,120,1.0000,120,120,1.0000
D,renamed,120,120,1.0000,120,120,1.0000
D,no_imports,120,120,1.0000,120,120,1.0000
D,format_normalized,120,120,1.0000,120,120,1.0000
E,raw,120,120,1.0000,120,120,1.0000
E,no_comments,120,120,1.0000,120,120,1.0000
E,renamed,120,120,1.0000,120,120,1.0000
E,no_imports,120,120,1.0000,120,120,1.0000
E,format_normalized,120,120,1.0000,120,120,1.0000
