artifact_id,historical_label_input_path,historical_label_input_sha256,reoracle_input_path,reoracle_input_sha256,same_bytes,stripper_version_or_hash,historical_behavioral_bit_source,historical_auditor_label,historical_ambiguous,reoracle_pass,reoracle_error,provenance_status
ollama__qwen2_5-coder__32b|mixed_signed_vector|eager|1,"derived_from:data/core_v2/stripped/core_v2_generalization_local_eager_lazy_001/raw/ollama__qwen2_5-coder__32b/mixed_signed_vector/eager/rep_1.py+strip_code(format_normalized,eager_vs_lazy)",16e5a8c62d95b6f9b11ca54493660f3035d5b1b06fe168822c800a9ba551ed59,data/core_v2/stripped/core_v2_generalization_local_eager_lazy_001/format_normalized/ollama__qwen2_5-coder__32b/mixed_signed_vector/eager/rep_1.py,b13edbf188a38d05da2f76a5fc157564cd51eabab4fbbffd45228ac905396985,False,historical_analyze_restrip_with_PUBLIC_API_PRESERVE;reoracle_archive_as_written_without_preserve,copied_from_raw_oracle_cache,eager,false,False,missing_required_getters,HISTORICAL_AUDITOR_OUTPUT_WITHOUT_TRANSFORM_REORACLING_DIFFERENT_BYTES
ollama__qwen2_5-coder__32b|mixed_signed_vector|eager|3,"derived_from:data/core_v2/stripped/core_v2_generalization_local_eager_lazy_001/raw/ollama__qwen2_5-coder__32b/mixed_signed_vector/eager/rep_3.py+strip_code(format_normalized,eager_vs_lazy)",16e5a8c62d95b6f9b11ca54493660f3035d5b1b06fe168822c800a9ba551ed59,data/core_v2/stripped/core_v2_generalization_local_eager_lazy_001/format_normalized/ollama__qwen2_5-coder__32b/mixed_signed_vector/eager/rep_3.py,b13edbf188a38d05da2f76a5fc157564cd51eabab4fbbffd45228ac905396985,False,historical_analyze_restrip_with_PUBLIC_API_PRESERVE;reoracle_archive_as_written_without_preserve,copied_from_raw_oracle_cache,eager,false,False,missing_required_getters,HISTORICAL_AUDITOR_OUTPUT_WITHOUT_TRANSFORM_REORACLING_DIFFERENT_BYTES
ollama__qwen2_5-coder__32b|mixed_signed_vector|eager|5,"derived_from:data/core_v2/stripped/core_v2_generalization_local_eager_lazy_001/raw/ollama__qwen2_5-coder__32b/mixed_signed_vector/eager/rep_5.py+strip_code(format_normalized,eager_vs_lazy)",16e5a8c62d95b6f9b11ca54493660f3035d5b1b06fe168822c800a9ba551ed59,data/core_v2/stripped/core_v2_generalization_local_eager_lazy_001/format_normalized/ollama__qwen2_5-coder__32b/mixed_signed_vector/eager/rep_5.py,b13edbf188a38d05da2f76a5fc157564cd51eabab4fbbffd45228ac905396985,False,historical_analyze_restrip_with_PUBLIC_API_PRESERVE;reoracle_archive_as_written_without_preserve,copied_from_raw_oracle_cache,eager,false,False,missing_required_getters,HISTORICAL_AUDITOR_OUTPUT_WITHOUT_TRANSFORM_REORACLING_DIFFERENT_BYTES
ollama__qwen2_5-coder__32b|mixed_signed_vector|eager|2,"derived_from:data/core_v2/stripped/core_v2_generalization_local_eager_lazy_001/raw/ollama__qwen2_5-coder__32b/mixed_signed_vector/eager/rep_2.py+strip_code(format_normalized,eager_vs_lazy)",16e5a8c62d95b6f9b11ca54493660f3035d5b1b06fe168822c800a9ba551ed59,data/core_v2/stripped/core_v2_generalization_local_eager_lazy_001/format_normalized/ollama__qwen2_5-coder__32b/mixed_signed_vector/eager/rep_2.py,b13edbf188a38d05da2f76a5fc157564cd51eabab4fbbffd45228ac905396985,False,historical_analyze_restrip_with_PUBLIC_API_PRESERVE;reoracle_archive_as_written_without_preserve,copied_from_raw_oracle_cache,eager,false,False,missing_required_getters,HISTORICAL_AUDITOR_OUTPUT_WITHOUT_TRANSFORM_REORACLING_DIFFERENT_BYTES
ollama__qwen2_5-coder__32b|mixed_signed_vector|eager|4,"derived_from:data/core_v2/stripped/core_v2_generalization_local_eager_lazy_001/raw/ollama__qwen2_5-coder__32b/mixed_signed_vector/eager/rep_4.py+strip_code(format_normalized,eager_vs_lazy)",16e5a8c62d95b6f9b11ca54493660f3035d5b1b06fe168822c800a9ba551ed59,data/core_v2/stripped/core_v2_generalization_local_eager_lazy_001/format_normalized/ollama__qwen2_5-coder__32b/mixed_signed_vector/eager/rep_4.py,b13edbf188a38d05da2f76a5fc157564cd51eabab4fbbffd45228ac905396985,False,historical_analyze_restrip_with_PUBLIC_API_PRESERVE;reoracle_archive_as_written_without_preserve,copied_from_raw_oracle_cache,eager,false,False,missing_required_getters,HISTORICAL_AUDITOR_OUTPUT_WITHOUT_TRANSFORM_REORACLING_DIFFERENT_BYTES
ollama__qwen2_5-coder__32b|mixed_signed_vector|lazy|1,"derived_from:data/core_v2/stripped/core_v2_generalization_local_eager_lazy_001/raw/ollama__qwen2_5-coder__32b/mixed_signed_vector/lazy/rep_1.py+strip_code(format_normalized,eager_vs_lazy)",332214e0f3a96c9c054ea82501a98f8a2327995fe0e2e78e0c5b0c2fc52def5c,data/core_v2/stripped/core_v2_generalization_local_eager_lazy_001/format_normalized/ollama__qwen2_5-coder__32b/mixed_signed_vector/lazy/rep_1.py,c32ead885fb60a7aed8141c8b1d1eeb7e558cad5296f71f25ab04d843b265922,False,historical_analyze_restrip_with_PUBLIC_API_PRESERVE;reoracle_archive_as_written_without_preserve,copied_from_raw_oracle_cache,lazy,false,False,missing_required_getters,HISTORICAL_AUDITOR_OUTPUT_WITHOUT_TRANSFORM_REORACLING_DIFFERENT_BYTES
ollama__qwen2_5-coder__32b|mixed_signed_vector|lazy|3,"derived_from:data/core_v2/stripped/core_v2_generalization_local_eager_lazy_001/raw/ollama__qwen2_5-coder__32b/mixed_signed_vector/lazy/rep_3.py+strip_code(format_normalized,eager_vs_lazy)",332214e0f3a96c9c054ea82501a98f8a2327995fe0e2e78e0c5b0c2fc52def5c,data/core_v2/stripped/core_v2_generalization_local_eager_lazy_001/format_normalized/ollama__qwen2_5-coder__32b/mixed_signed_vector/lazy/rep_3.py,c32ead885fb60a7aed8141c8b1d1eeb7e558cad5296f71f25ab04d843b265922,False,historical_analyze_restrip_with_PUBLIC_API_PRESERVE;reoracle_archive_as_written_without_preserve,copied_from_raw_oracle_cache,lazy,false,False,missing_required_getters,HISTORICAL_AUDITOR_OUTPUT_WITHOUT_TRANSFORM_REORACLING_DIFFERENT_BYTES
ollama__qwen2_5-coder__32b|mixed_signed_vector|lazy|5,"derived_from:data/core_v2/stripped/core_v2_generalization_local_eager_lazy_001/raw/ollama__qwen2_5-coder__32b/mixed_signed_vector/lazy/rep_5.py+strip_code(format_normalized,eager_vs_lazy)",332214e0f3a96c9c054ea82501a98f8a2327995fe0e2e78e0c5b0c2fc52def5c,data/core_v2/stripped/core_v2_generalization_local_eager_lazy_001/format_normalized/ollama__qwen2_5-coder__32b/mixed_signed_vector/lazy/rep_5.py,c32ead885fb60a7aed8141c8b1d1eeb7e558cad5296f71f25ab04d843b265922,False,historical_analyze_restrip_with_PUBLIC_API_PRESERVE;reoracle_archive_as_written_without_preserve,copied_from_raw_oracle_cache,lazy,false,False,missing_required_getters,HISTORICAL_AUDITOR_OUTPUT_WITHOUT_TRANSFORM_REORACLING_DIFFERENT_BYTES
ollama__qwen2_5-coder__32b|mixed_signed_vector|lazy|2,"derived_from:data/core_v2/stripped/core_v2_generalization_local_eager_lazy_001/raw/ollama__qwen2_5-coder__32b/mixed_signed_vector/lazy/rep_2.py+strip_code(format_normalized,eager_vs_lazy)",332214e0f3a96c9c054ea82501a98f8a2327995fe0e2e78e0c5b0c2fc52def5c,data/core_v2/stripped/core_v2_generalization_local_eager_lazy_001/format_normalized/ollama__qwen2_5-coder__32b/mixed_signed_vector/lazy/rep_2.py,c32ead885fb60a7aed8141c8b1d1eeb7e558cad5296f71f25ab04d843b265922,False,historical_analyze_restrip_with_PUBLIC_API_PRESERVE;reoracle_archive_as_written_without_preserve,copied_from_raw_oracle_cache,lazy,false,False,missing_required_getters,HISTORICAL_AUDITOR_OUTPUT_WITHOUT_TRANSFORM_REORACLING_DIFFERENT_BYTES
ollama__qwen2_5-coder__32b|mixed_signed_vector|lazy|4,"derived_from:data/core_v2/stripped/core_v2_generalization_local_eager_lazy_001/raw/ollama__qwen2_5-coder__32b/mixed_signed_vector/lazy/rep_4.py+strip_code(format_normalized,eager_vs_lazy)",332214e0f3a96c9c054ea82501a98f8a2327995fe0e2e78e0c5b0c2fc52def5c,data/core_v2/stripped/core_v2_generalization_local_eager_lazy_001/format_normalized/ollama__qwen2_5-coder__32b/mixed_signed_vector/lazy/rep_4.py,c32ead885fb60a7aed8141c8b1d1eeb7e558cad5296f71f25ab04d843b265922,False,historical_analyze_restrip_with_PUBLIC_API_PRESERVE;reoracle_archive_as_written_without_preserve,copied_from_raw_oracle_cache,lazy,false,False,missing_required_getters,HISTORICAL_AUDITOR_OUTPUT_WITHOUT_TRANSFORM_REORACLING_DIFFERENT_BYTES
ollama__qwen2_5-coder__32b|repeated_values_vector|eager|1,"derived_from:data/core_v2/stripped/core_v2_generalization_local_eager_lazy_001/raw/ollama__qwen2_5-coder__32b/repeated_values_vector/eager/rep_1.py+strip_code(format_normalized,eager_vs_lazy)",16e5a8c62d95b6f9b11ca54493660f3035d5b1b06fe168822c800a9ba551ed59,data/core_v2/stripped/core_v2_generalization_local_eager_lazy_001/format_normalized/ollama__qwen2_5-coder__32b/repeated_values_vector/eager/rep_1.py,b13edbf188a38d05da2f76a5fc157564cd51eabab4fbbffd45228ac905396985,False,historical_analyze_restrip_with_PUBLIC_API_PRESERVE;reoracle_archive_as_written_without_preserve,copied_from_raw_oracle_cache,eager,false,False,missing_required_getters,HISTORICAL_AUDITOR_OUTPUT_WITHOUT_TRANSFORM_REORACLING_DIFFERENT_BYTES
ollama__qwen2_5-coder__32b|repeated_values_vector|eager|3,"derived_from:data/core_v2/stripped/core_v2_generalization_local_eager_lazy_001/raw/ollama__qwen2_5-coder__32b/repeated_values_vector/eager/rep_3.py+strip_code(format_normalized,eager_vs_lazy)",16e5a8c62d95b6f9b11ca54493660f3035d5b1b06fe168822c800a9ba551ed59,data/core_v2/stripped/core_v2_generalization_local_eager_lazy_001/format_normalized/ollama__qwen2_5-coder__32b/repeated_values_vector/eager/rep_3.py,b13edbf188a38d05da2f76a5fc157564cd51eabab4fbbffd45228ac905396985,False,historical_analyze_restrip_with_PUBLIC_API_PRESERVE;reoracle_archive_as_written_without_preserve,copied_from_raw_oracle_cache,eager,false,False,missing_required_getters,HISTORICAL_AUDITOR_OUTPUT_WITHOUT_TRANSFORM_REORACLING_DIFFERENT_BYTES
ollama__qwen2_5-coder__32b|repeated_values_vector|eager|5,"derived_from:data/core_v2/stripped/core_v2_generalization_local_eager_lazy_001/raw/ollama__qwen2_5-coder__32b/repeated_values_vector/eager/rep_5.py+strip_code(format_normalized,eager_vs_lazy)",16e5a8c62d95b6f9b11ca54493660f3035d5b1b06fe168822c800a9ba551ed59,data/core_v2/stripped/core_v2_generalization_local_eager_lazy_001/format_normalized/ollama__qwen2_5-coder__32b/repeated_values_vector/eager/rep_5.py,b13edbf188a38d05da2f76a5fc157564cd51eabab4fbbffd45228ac905396985,False,historical_analyze_restrip_with_PUBLIC_API_PRESERVE;reoracle_archive_as_written_without_preserve,copied_from_raw_oracle_cache,eager,false,False,missing_required_getters,HISTORICAL_AUDITOR_OUTPUT_WITHOUT_TRANSFORM_REORACLING_DIFFERENT_BYTES
ollama__qwen2_5-coder__32b|repeated_values_vector|eager|2,"derived_from:data/core_v2/stripped/core_v2_generalization_local_eager_lazy_001/raw/ollama__qwen2_5-coder__32b/repeated_values_vector/eager/rep_2.py+strip_code(format_normalized,eager_vs_lazy)",16e5a8c62d95b6f9b11ca54493660f3035d5b1b06fe168822c800a9ba551ed59,data/core_v2/stripped/core_v2_generalization_local_eager_lazy_001/format_normalized/ollama__qwen2_5-coder__32b/repeated_values_vector/eager/rep_2.py,b13edbf188a38d05da2f76a5fc157564cd51eabab4fbbffd45228ac905396985,False,historical_analyze_restrip_with_PUBLIC_API_PRESERVE;reoracle_archive_as_written_without_preserve,copied_from_raw_oracle_cache,eager,false,False,missing_required_getters,HISTORICAL_AUDITOR_OUTPUT_WITHOUT_TRANSFORM_REORACLING_DIFFERENT_BYTES
ollama__qwen2_5-coder__32b|repeated_values_vector|eager|4,"derived_from:data/core_v2/stripped/core_v2_generalization_local_eager_lazy_001/raw/ollama__qwen2_5-coder__32b/repeated_values_vector/eager/rep_4.py+strip_code(format_normalized,eager_vs_lazy)",16e5a8c62d95b6f9b11ca54493660f3035d5b1b06fe168822c800a9ba551ed59,data/core_v2/stripped/core_v2_generalization_local_eager_lazy_001/format_normalized/ollama__qwen2_5-coder__32b/repeated_values_vector/eager/rep_4.py,b13edbf188a38d05da2f76a5fc157564cd51eabab4fbbffd45228ac905396985,False,historical_analyze_restrip_with_PUBLIC_API_PRESERVE;reoracle_archive_as_written_without_preserve,copied_from_raw_oracle_cache,eager,false,False,missing_required_getters,HISTORICAL_AUDITOR_OUTPUT_WITHOUT_TRANSFORM_REORACLING_DIFFERENT_BYTES
ollama__qwen2_5-coder__32b|repeated_values_vector|lazy|1,"derived_from:data/core_v2/stripped/core_v2_generalization_local_eager_lazy_001/raw/ollama__qwen2_5-coder__32b/repeated_values_vector/lazy/rep_1.py+strip_code(format_normalized,eager_vs_lazy)",332214e0f3a96c9c054ea82501a98f8a2327995fe0e2e78e0c5b0c2fc52def5c,data/core_v2/stripped/core_v2_generalization_local_eager_lazy_001/format_normalized/ollama__qwen2_5-coder__32b/repeated_values_vector/lazy/rep_1.py,c32ead885fb60a7aed8141c8b1d1eeb7e558cad5296f71f25ab04d843b265922,False,historical_analyze_restrip_with_PUBLIC_API_PRESERVE;reoracle_archive_as_written_without_preserve,copied_from_raw_oracle_cache,lazy,false,False,missing_required_getters,HISTORICAL_AUDITOR_OUTPUT_WITHOUT_TRANSFORM_REORACLING_DIFFERENT_BYTES
ollama__qwen2_5-coder__32b|repeated_values_vector|lazy|3,"derived_from:data/core_v2/stripped/core_v2_generalization_local_eager_lazy_001/raw/ollama__qwen2_5-coder__32b/repeated_values_vector/lazy/rep_3.py+strip_code(format_normalized,eager_vs_lazy)",332214e0f3a96c9c054ea82501a98f8a2327995fe0e2e78e0c5b0c2fc52def5c,data/core_v2/stripped/core_v2_generalization_local_eager_lazy_001/format_normalized/ollama__qwen2_5-coder__32b/repeated_values_vector/lazy/rep_3.py,c32ead885fb60a7aed8141c8b1d1eeb7e558cad5296f71f25ab04d843b265922,False,historical_analyze_restrip_with_PUBLIC_API_PRESERVE;reoracle_archive_as_written_without_preserve,copied_from_raw_oracle_cache,lazy,false,False,missing_required_getters,HISTORICAL_AUDITOR_OUTPUT_WITHOUT_TRANSFORM_REORACLING_DIFFERENT_BYTES
ollama__qwen2_5-coder__32b|repeated_values_vector|lazy|5,"derived_from:data/core_v2/stripped/core_v2_generalization_local_eager_lazy_001/raw/ollama__qwen2_5-coder__32b/repeated_values_vector/lazy/rep_5.py+strip_code(format_normalized,eager_vs_lazy)",332214e0f3a96c9c054ea82501a98f8a2327995fe0e2e78e0c5b0c2fc52def5c,data/core_v2/stripped/core_v2_generalization_local_eager_lazy_001/format_normalized/ollama__qwen2_5-coder__32b/repeated_values_vector/lazy/rep_5.py,c32ead885fb60a7aed8141c8b1d1eeb7e558cad5296f71f25ab04d843b265922,False,historical_analyze_restrip_with_PUBLIC_API_PRESERVE;reoracle_archive_as_written_without_preserve,copied_from_raw_oracle_cache,lazy,false,False,missing_required_getters,HISTORICAL_AUDITOR_OUTPUT_WITHOUT_TRANSFORM_REORACLING_DIFFERENT_BYTES
ollama__qwen2_5-coder__32b|repeated_values_vector|lazy|2,"derived_from:data/core_v2/stripped/core_v2_generalization_local_eager_lazy_001/raw/ollama__qwen2_5-coder__32b/repeated_values_vector/lazy/rep_2.py+strip_code(format_normalized,eager_vs_lazy)",332214e0f3a96c9c054ea82501a98f8a2327995fe0e2e78e0c5b0c2fc52def5c,data/core_v2/stripped/core_v2_generalization_local_eager_lazy_001/format_normalized/ollama__qwen2_5-coder__32b/repeated_values_vector/lazy/rep_2.py,c32ead885fb60a7aed8141c8b1d1eeb7e558cad5296f71f25ab04d843b265922,False,historical_analyze_restrip_with_PUBLIC_API_PRESERVE;reoracle_archive_as_written_without_preserve,copied_from_raw_oracle_cache,lazy,false,False,missing_required_getters,HISTORICAL_AUDITOR_OUTPUT_WITHOUT_TRANSFORM_REORACLING_DIFFERENT_BYTES
ollama__qwen2_5-coder__32b|repeated_values_vector|lazy|4,"derived_from:data/core_v2/stripped/core_v2_generalization_local_eager_lazy_001/raw/ollama__qwen2_5-coder__32b/repeated_values_vector/lazy/rep_4.py+strip_code(format_normalized,eager_vs_lazy)",332214e0f3a96c9c054ea82501a98f8a2327995fe0e2e78e0c5b0c2fc52def5c,data/core_v2/stripped/core_v2_generalization_local_eager_lazy_001/format_normalized/ollama__qwen2_5-coder__32b/repeated_values_vector/lazy/rep_4.py,c32ead885fb60a7aed8141c8b1d1eeb7e558cad5296f71f25ab04d843b265922,False,historical_analyze_restrip_with_PUBLIC_API_PRESERVE;reoracle_archive_as_written_without_preserve,copied_from_raw_oracle_cache,lazy,false,False,missing_required_getters,HISTORICAL_AUDITOR_OUTPUT_WITHOUT_TRANSFORM_REORACLING_DIFFERENT_BYTES
ollama__qwen2_5-coder__32b|small_positive_vector|eager|1,"derived_from:data/core_v2/stripped/core_v2_generalization_local_eager_lazy_001/raw/ollama__qwen2_5-coder__32b/small_positive_vector/eager/rep_1.py+strip_code(format_normalized,eager_vs_lazy)",16e5a8c62d95b6f9b11ca54493660f3035d5b1b06fe168822c800a9ba551ed59,data/core_v2/stripped/core_v2_generalization_local_eager_lazy_001/format_normalized/ollama__qwen2_5-coder__32b/small_positive_vector/eager/rep_1.py,b13edbf188a38d05da2f76a5fc157564cd51eabab4fbbffd45228ac905396985,False,historical_analyze_restrip_with_PUBLIC_API_PRESERVE;reoracle_archive_as_written_without_preserve,copied_from_raw_oracle_cache,eager,false,False,missing_required_getters,HISTORICAL_AUDITOR_OUTPUT_WITHOUT_TRANSFORM_REORACLING_DIFFERENT_BYTES
ollama__qwen2_5-coder__32b|small_positive_vector|eager|3,"derived_from:data/core_v2/stripped/core_v2_generalization_local_eager_lazy_001/raw/ollama__qwen2_5-coder__32b/small_positive_vector/eager/rep_3.py+strip_code(format_normalized,eager_vs_lazy)",16e5a8c62d95b6f9b11ca54493660f3035d5b1b06fe168822c800a9ba551ed59,data/core_v2/stripped/core_v2_generalization_local_eager_lazy_001/format_normalized/ollama__qwen2_5-coder__32b/small_positive_vector/eager/rep_3.py,b13edbf188a38d05da2f76a5fc157564cd51eabab4fbbffd45228ac905396985,False,historical_analyze_restrip_with_PUBLIC_API_PRESERVE;reoracle_archive_as_written_without_preserve,copied_from_raw_oracle_cache,eager,false,False,missing_required_getters,HISTORICAL_AUDITOR_OUTPUT_WITHOUT_TRANSFORM_REORACLING_DIFFERENT_BYTES
ollama__qwen2_5-coder__32b|small_positive_vector|eager|5,"derived_from:data/core_v2/stripped/core_v2_generalization_local_eager_lazy_001/raw/ollama__qwen2_5-coder__32b/small_positive_vector/eager/rep_5.py+strip_code(format_normalized,eager_vs_lazy)",16e5a8c62d95b6f9b11ca54493660f3035d5b1b06fe168822c800a9ba551ed59,data/core_v2/stripped/core_v2_generalization_local_eager_lazy_001/format_normalized/ollama__qwen2_5-coder__32b/small_positive_vector/eager/rep_5.py,b13edbf188a38d05da2f76a5fc157564cd51eabab4fbbffd45228ac905396985,False,historical_analyze_restrip_with_PUBLIC_API_PRESERVE;reoracle_archive_as_written_without_preserve,copied_from_raw_oracle_cache,eager,false,False,missing_required_getters,HISTORICAL_AUDITOR_OUTPUT_WITHOUT_TRANSFORM_REORACLING_DIFFERENT_BYTES
ollama__qwen2_5-coder__32b|small_positive_vector|eager|2,"derived_from:data/core_v2/stripped/core_v2_generalization_local_eager_lazy_001/raw/ollama__qwen2_5-coder__32b/small_positive_vector/eager/rep_2.py+strip_code(format_normalized,eager_vs_lazy)",16e5a8c62d95b6f9b11ca54493660f3035d5b1b06fe168822c800a9ba551ed59,data/core_v2/stripped/core_v2_generalization_local_eager_lazy_001/format_normalized/ollama__qwen2_5-coder__32b/small_positive_vector/eager/rep_2.py,b13edbf188a38d05da2f76a5fc157564cd51eabab4fbbffd45228ac905396985,False,historical_analyze_restrip_with_PUBLIC_API_PRESERVE;reoracle_archive_as_written_without_preserve,copied_from_raw_oracle_cache,eager,false,False,missing_required_getters,HISTORICAL_AUDITOR_OUTPUT_WITHOUT_TRANSFORM_REORACLING_DIFFERENT_BYTES
ollama__qwen2_5-coder__32b|small_positive_vector|eager|4,"derived_from:data/core_v2/stripped/core_v2_generalization_local_eager_lazy_001/raw/ollama__qwen2_5-coder__32b/small_positive_vector/eager/rep_4.py+strip_code(format_normalized,eager_vs_lazy)",16e5a8c62d95b6f9b11ca54493660f3035d5b1b06fe168822c800a9ba551ed59,data/core_v2/stripped/core_v2_generalization_local_eager_lazy_001/format_normalized/ollama__qwen2_5-coder__32b/small_positive_vector/eager/rep_4.py,b13edbf188a38d05da2f76a5fc157564cd51eabab4fbbffd45228ac905396985,False,historical_analyze_restrip_with_PUBLIC_API_PRESERVE;reoracle_archive_as_written_without_preserve,copied_from_raw_oracle_cache,eager,false,False,missing_required_getters,HISTORICAL_AUDITOR_OUTPUT_WITHOUT_TRANSFORM_REORACLING_DIFFERENT_BYTES
ollama__qwen2_5-coder__32b|small_positive_vector|lazy|1,"derived_from:data/core_v2/stripped/core_v2_generalization_local_eager_lazy_001/raw/ollama__qwen2_5-coder__32b/small_positive_vector/lazy/rep_1.py+strip_code(format_normalized,eager_vs_lazy)",332214e0f3a96c9c054ea82501a98f8a2327995fe0e2e78e0c5b0c2fc52def5c,data/core_v2/stripped/core_v2_generalization_local_eager_lazy_001/format_normalized/ollama__qwen2_5-coder__32b/small_positive_vector/lazy/rep_1.py,c32ead885fb60a7aed8141c8b1d1eeb7e558cad5296f71f25ab04d843b265922,False,historical_analyze_restrip_with_PUBLIC_API_PRESERVE;reoracle_archive_as_written_without_preserve,copied_from_raw_oracle_cache,lazy,false,False,missing_required_getters,HISTORICAL_AUDITOR_OUTPUT_WITHOUT_TRANSFORM_REORACLING_DIFFERENT_BYTES
ollama__qwen2_5-coder__32b|small_positive_vector|lazy|3,"derived_from:data/core_v2/stripped/core_v2_generalization_local_eager_lazy_001/raw/ollama__qwen2_5-coder__32b/small_positive_vector/lazy/rep_3.py+strip_code(format_normalized,eager_vs_lazy)",332214e0f3a96c9c054ea82501a98f8a2327995fe0e2e78e0c5b0c2fc52def5c,data/core_v2/stripped/core_v2_generalization_local_eager_lazy_001/format_normalized/ollama__qwen2_5-coder__32b/small_positive_vector/lazy/rep_3.py,c32ead885fb60a7aed8141c8b1d1eeb7e558cad5296f71f25ab04d843b265922,False,historical_analyze_restrip_with_PUBLIC_API_PRESERVE;reoracle_archive_as_written_without_preserve,copied_from_raw_oracle_cache,lazy,false,False,missing_required_getters,HISTORICAL_AUDITOR_OUTPUT_WITHOUT_TRANSFORM_REORACLING_DIFFERENT_BYTES
ollama__qwen2_5-coder__32b|small_positive_vector|lazy|5,"derived_from:data/core_v2/stripped/core_v2_generalization_local_eager_lazy_001/raw/ollama__qwen2_5-coder__32b/small_positive_vector/lazy/rep_5.py+strip_code(format_normalized,eager_vs_lazy)",332214e0f3a96c9c054ea82501a98f8a2327995fe0e2e78e0c5b0c2fc52def5c,data/core_v2/stripped/core_v2_generalization_local_eager_lazy_001/format_normalized/ollama__qwen2_5-coder__32b/small_positive_vector/lazy/rep_5.py,c32ead885fb60a7aed8141c8b1d1eeb7e558cad5296f71f25ab04d843b265922,False,historical_analyze_restrip_with_PUBLIC_API_PRESERVE;reoracle_archive_as_written_without_preserve,copied_from_raw_oracle_cache,lazy,false,False,missing_required_getters,HISTORICAL_AUDITOR_OUTPUT_WITHOUT_TRANSFORM_REORACLING_DIFFERENT_BYTES
ollama__qwen2_5-coder__32b|small_positive_vector|lazy|2,"derived_from:data/core_v2/stripped/core_v2_generalization_local_eager_lazy_001/raw/ollama__qwen2_5-coder__32b/small_positive_vector/lazy/rep_2.py+strip_code(format_normalized,eager_vs_lazy)",332214e0f3a96c9c054ea82501a98f8a2327995fe0e2e78e0c5b0c2fc52def5c,data/core_v2/stripped/core_v2_generalization_local_eager_lazy_001/format_normalized/ollama__qwen2_5-coder__32b/small_positive_vector/lazy/rep_2.py,c32ead885fb60a7aed8141c8b1d1eeb7e558cad5296f71f25ab04d843b265922,False,historical_analyze_restrip_with_PUBLIC_API_PRESERVE;reoracle_archive_as_written_without_preserve,copied_from_raw_oracle_cache,lazy,false,False,missing_required_getters,HISTORICAL_AUDITOR_OUTPUT_WITHOUT_TRANSFORM_REORACLING_DIFFERENT_BYTES
ollama__qwen2_5-coder__32b|small_positive_vector|lazy|4,"derived_from:data/core_v2/stripped/core_v2_generalization_local_eager_lazy_001/raw/ollama__qwen2_5-coder__32b/small_positive_vector/lazy/rep_4.py+strip_code(format_normalized,eager_vs_lazy)",332214e0f3a96c9c054ea82501a98f8a2327995fe0e2e78e0c5b0c2fc52def5c,data/core_v2/stripped/core_v2_generalization_local_eager_lazy_001/format_normalized/ollama__qwen2_5-coder__32b/small_positive_vector/lazy/rep_4.py,c32ead885fb60a7aed8141c8b1d1eeb7e558cad5296f71f25ab04d843b265922,False,historical_analyze_restrip_with_PUBLIC_API_PRESERVE;reoracle_archive_as_written_without_preserve,copied_from_raw_oracle_cache,lazy,false,False,missing_required_getters,HISTORICAL_AUDITOR_OUTPUT_WITHOUT_TRANSFORM_REORACLING_DIFFERENT_BYTES
ollama__qwen2_5-coder__14b|mixed_signed_vector|eager|1,"derived_from:data/core_v2/stripped/core_v2_generalization_local_eager_lazy_001/raw/ollama__qwen2_5-coder__14b/mixed_signed_vector/eager/rep_1.py+strip_code(format_normalized,eager_vs_lazy)",16e5a8c62d95b6f9b11ca54493660f3035d5b1b06fe168822c800a9ba551ed59,data/core_v2/stripped/core_v2_generalization_local_eager_lazy_001/format_normalized/ollama__qwen2_5-coder__14b/mixed_signed_vector/eager/rep_1.py,b13edbf188a38d05da2f76a5fc157564cd51eabab4fbbffd45228ac905396985,False,historical_analyze_restrip_with_PUBLIC_API_PRESERVE;reoracle_archive_as_written_without_preserve,copied_from_raw_oracle_cache,eager,false,False,missing_required_getters,HISTORICAL_AUDITOR_OUTPUT_WITHOUT_TRANSFORM_REORACLING_DIFFERENT_BYTES
ollama__qwen2_5-coder__14b|mixed_signed_vector|eager|3,"derived_from:data/core_v2/stripped/core_v2_generalization_local_eager_lazy_001/raw/ollama__qwen2_5-coder__14b/mixed_signed_vector/eager/rep_3.py+strip_code(format_normalized,eager_vs_lazy)",16e5a8c62d95b6f9b11ca54493660f3035d5b1b06fe168822c800a9ba551ed59,data/core_v2/stripped/core_v2_generalization_local_eager_lazy_001/format_normalized/ollama__qwen2_5-coder__14b/mixed_signed_vector/eager/rep_3.py,b13edbf188a38d05da2f76a5fc157564cd51eabab4fbbffd45228ac905396985,False,historical_analyze_restrip_with_PUBLIC_API_PRESERVE;reoracle_archive_as_written_without_preserve,copied_from_raw_oracle_cache,eager,false,False,missing_required_getters,HISTORICAL_AUDITOR_OUTPUT_WITHOUT_TRANSFORM_REORACLING_DIFFERENT_BYTES
ollama__qwen2_5-coder__14b|mixed_signed_vector|eager|5,"derived_from:data/core_v2/stripped/core_v2_generalization_local_eager_lazy_001/raw/ollama__qwen2_5-coder__14b/mixed_signed_vector/eager/rep_5.py+strip_code(format_normalized,eager_vs_lazy)",16e5a8c62d95b6f9b11ca54493660f3035d5b1b06fe168822c800a9ba551ed59,data/core_v2/stripped/core_v2_generalization_local_eager_lazy_001/format_normalized/ollama__qwen2_5-coder__14b/mixed_signed_vector/eager/rep_5.py,b13edbf188a38d05da2f76a5fc157564cd51eabab4fbbffd45228ac905396985,False,historical_analyze_restrip_with_PUBLIC_API_PRESERVE;reoracle_archive_as_written_without_preserve,copied_from_raw_oracle_cache,eager,false,False,missing_required_getters,HISTORICAL_AUDITOR_OUTPUT_WITHOUT_TRANSFORM_REORACLING_DIFFERENT_BYTES
ollama__qwen2_5-coder__14b|mixed_signed_vector|eager|2,"derived_from:data/core_v2/stripped/core_v2_generalization_local_eager_lazy_001/raw/ollama__qwen2_5-coder__14b/mixed_signed_vector/eager/rep_2.py+strip_code(format_normalized,eager_vs_lazy)",16e5a8c62d95b6f9b11ca54493660f3035d5b1b06fe168822c800a9ba551ed59,data/core_v2/stripped/core_v2_generalization_local_eager_lazy_001/format_normalized/ollama__qwen2_5-coder__14b/mixed_signed_vector/eager/rep_2.py,b13edbf188a38d05da2f76a5fc157564cd51eabab4fbbffd45228ac905396985,False,historical_analyze_restrip_with_PUBLIC_API_PRESERVE;reoracle_archive_as_written_without_preserve,copied_from_raw_oracle_cache,eager,false,False,missing_required_getters,HISTORICAL_AUDITOR_OUTPUT_WITHOUT_TRANSFORM_REORACLING_DIFFERENT_BYTES
ollama__qwen2_5-coder__14b|mixed_signed_vector|eager|4,"derived_from:data/core_v2/stripped/core_v2_generalization_local_eager_lazy_001/raw/ollama__qwen2_5-coder__14b/mixed_signed_vector/eager/rep_4.py+strip_code(format_normalized,eager_vs_lazy)",16e5a8c62d95b6f9b11ca54493660f3035d5b1b06fe168822c800a9ba551ed59,data/core_v2/stripped/core_v2_generalization_local_eager_lazy_001/format_normalized/ollama__qwen2_5-coder__14b/mixed_signed_vector/eager/rep_4.py,b13edbf188a38d05da2f76a5fc157564cd51eabab4fbbffd45228ac905396985,False,historical_analyze_restrip_with_PUBLIC_API_PRESERVE;reoracle_archive_as_written_without_preserve,copied_from_raw_oracle_cache,eager,false,False,missing_required_getters,HISTORICAL_AUDITOR_OUTPUT_WITHOUT_TRANSFORM_REORACLING_DIFFERENT_BYTES
ollama__qwen2_5-coder__14b|mixed_signed_vector|lazy|1,"derived_from:data/core_v2/stripped/core_v2_generalization_local_eager_lazy_001/raw/ollama__qwen2_5-coder__14b/mixed_signed_vector/lazy/rep_1.py+strip_code(format_normalized,eager_vs_lazy)",332214e0f3a96c9c054ea82501a98f8a2327995fe0e2e78e0c5b0c2fc52def5c,data/core_v2/stripped/core_v2_generalization_local_eager_lazy_001/format_normalized/ollama__qwen2_5-coder__14b/mixed_signed_vector/lazy/rep_1.py,c32ead885fb60a7aed8141c8b1d1eeb7e558cad5296f71f25ab04d843b265922,False,historical_analyze_restrip_with_PUBLIC_API_PRESERVE;reoracle_archive_as_written_without_preserve,copied_from_raw_oracle_cache,lazy,false,False,missing_required_getters,HISTORICAL_AUDITOR_OUTPUT_WITHOUT_TRANSFORM_REORACLING_DIFFERENT_BYTES
ollama__qwen2_5-coder__14b|mixed_signed_vector|lazy|3,"derived_from:data/core_v2/stripped/core_v2_generalization_local_eager_lazy_001/raw/ollama__qwen2_5-coder__14b/mixed_signed_vector/lazy/rep_3.py+strip_code(format_normalized,eager_vs_lazy)",332214e0f3a96c9c054ea82501a98f8a2327995fe0e2e78e0c5b0c2fc52def5c,data/core_v2/stripped/core_v2_generalization_local_eager_lazy_001/format_normalized/ollama__qwen2_5-coder__14b/mixed_signed_vector/lazy/rep_3.py,c32ead885fb60a7aed8141c8b1d1eeb7e558cad5296f71f25ab04d843b265922,False,historical_analyze_restrip_with_PUBLIC_API_PRESERVE;reoracle_archive_as_written_without_preserve,copied_from_raw_oracle_cache,lazy,false,False,missing_required_getters,HISTORICAL_AUDITOR_OUTPUT_WITHOUT_TRANSFORM_REORACLING_DIFFERENT_BYTES
ollama__qwen2_5-coder__14b|mixed_signed_vector|lazy|5,"derived_from:data/core_v2/stripped/core_v2_generalization_local_eager_lazy_001/raw/ollama__qwen2_5-coder__14b/mixed_signed_vector/lazy/rep_5.py+strip_code(format_normalized,eager_vs_lazy)",332214e0f3a96c9c054ea82501a98f8a2327995fe0e2e78e0c5b0c2fc52def5c,data/core_v2/stripped/core_v2_generalization_local_eager_lazy_001/format_normalized/ollama__qwen2_5-coder__14b/mixed_signed_vector/lazy/rep_5.py,c32ead885fb60a7aed8141c8b1d1eeb7e558cad5296f71f25ab04d843b265922,False,historical_analyze_restrip_with_PUBLIC_API_PRESERVE;reoracle_archive_as_written_without_preserve,copied_from_raw_oracle_cache,lazy,false,False,missing_required_getters,HISTORICAL_AUDITOR_OUTPUT_WITHOUT_TRANSFORM_REORACLING_DIFFERENT_BYTES
ollama__qwen2_5-coder__14b|mixed_signed_vector|lazy|2,"derived_from:data/core_v2/stripped/core_v2_generalization_local_eager_lazy_001/raw/ollama__qwen2_5-coder__14b/mixed_signed_vector/lazy/rep_2.py+strip_code(format_normalized,eager_vs_lazy)",332214e0f3a96c9c054ea82501a98f8a2327995fe0e2e78e0c5b0c2fc52def5c,data/core_v2/stripped/core_v2_generalization_local_eager_lazy_001/format_normalized/ollama__qwen2_5-coder__14b/mixed_signed_vector/lazy/rep_2.py,c32ead885fb60a7aed8141c8b1d1eeb7e558cad5296f71f25ab04d843b265922,False,historical_analyze_restrip_with_PUBLIC_API_PRESERVE;reoracle_archive_as_written_without_preserve,copied_from_raw_oracle_cache,lazy,false,False,missing_required_getters,HISTORICAL_AUDITOR_OUTPUT_WITHOUT_TRANSFORM_REORACLING_DIFFERENT_BYTES
ollama__qwen2_5-coder__14b|mixed_signed_vector|lazy|4,"derived_from:data/core_v2/stripped/core_v2_generalization_local_eager_lazy_001/raw/ollama__qwen2_5-coder__14b/mixed_signed_vector/lazy/rep_4.py+strip_code(format_normalized,eager_vs_lazy)",332214e0f3a96c9c054ea82501a98f8a2327995fe0e2e78e0c5b0c2fc52def5c,data/core_v2/stripped/core_v2_generalization_local_eager_lazy_001/format_normalized/ollama__qwen2_5-coder__14b/mixed_signed_vector/lazy/rep_4.py,c32ead885fb60a7aed8141c8b1d1eeb7e558cad5296f71f25ab04d843b265922,False,historical_analyze_restrip_with_PUBLIC_API_PRESERVE;reoracle_archive_as_written_without_preserve,copied_from_raw_oracle_cache,lazy,false,False,missing_required_getters,HISTORICAL_AUDITOR_OUTPUT_WITHOUT_TRANSFORM_REORACLING_DIFFERENT_BYTES
ollama__qwen2_5-coder__14b|repeated_values_vector|eager|1,"derived_from:data/core_v2/stripped/core_v2_generalization_local_eager_lazy_001/raw/ollama__qwen2_5-coder__14b/repeated_values_vector/eager/rep_1.py+strip_code(format_normalized,eager_vs_lazy)",16e5a8c62d95b6f9b11ca54493660f3035d5b1b06fe168822c800a9ba551ed59,data/core_v2/stripped/core_v2_generalization_local_eager_lazy_001/format_normalized/ollama__qwen2_5-coder__14b/repeated_values_vector/eager/rep_1.py,b13edbf188a38d05da2f76a5fc157564cd51eabab4fbbffd45228ac905396985,False,historical_analyze_restrip_with_PUBLIC_API_PRESERVE;reoracle_archive_as_written_without_preserve,copied_from_raw_oracle_cache,eager,false,False,missing_required_getters,HISTORICAL_AUDITOR_OUTPUT_WITHOUT_TRANSFORM_REORACLING_DIFFERENT_BYTES
ollama__qwen2_5-coder__14b|repeated_values_vector|eager|3,"derived_from:data/core_v2/stripped/core_v2_generalization_local_eager_lazy_001/raw/ollama__qwen2_5-coder__14b/repeated_values_vector/eager/rep_3.py+strip_code(format_normalized,eager_vs_lazy)",16e5a8c62d95b6f9b11ca54493660f3035d5b1b06fe168822c800a9ba551ed59,data/core_v2/stripped/core_v2_generalization_local_eager_lazy_001/format_normalized/ollama__qwen2_5-coder__14b/repeated_values_vector/eager/rep_3.py,b13edbf188a38d05da2f76a5fc157564cd51eabab4fbbffd45228ac905396985,False,historical_analyze_restrip_with_PUBLIC_API_PRESERVE;reoracle_archive_as_written_without_preserve,copied_from_raw_oracle_cache,eager,false,False,missing_required_getters,HISTORICAL_AUDITOR_OUTPUT_WITHOUT_TRANSFORM_REORACLING_DIFFERENT_BYTES
ollama__qwen2_5-coder__14b|repeated_values_vector|eager|5,"derived_from:data/core_v2/stripped/core_v2_generalization_local_eager_lazy_001/raw/ollama__qwen2_5-coder__14b/repeated_values_vector/eager/rep_5.py+strip_code(format_normalized,eager_vs_lazy)",16e5a8c62d95b6f9b11ca54493660f3035d5b1b06fe168822c800a9ba551ed59,data/core_v2/stripped/core_v2_generalization_local_eager_lazy_001/format_normalized/ollama__qwen2_5-coder__14b/repeated_values_vector/eager/rep_5.py,b13edbf188a38d05da2f76a5fc157564cd51eabab4fbbffd45228ac905396985,False,historical_analyze_restrip_with_PUBLIC_API_PRESERVE;reoracle_archive_as_written_without_preserve,copied_from_raw_oracle_cache,eager,false,False,missing_required_getters,HISTORICAL_AUDITOR_OUTPUT_WITHOUT_TRANSFORM_REORACLING_DIFFERENT_BYTES
ollama__qwen2_5-coder__14b|repeated_values_vector|eager|2,"derived_from:data/core_v2/stripped/core_v2_generalization_local_eager_lazy_001/raw/ollama__qwen2_5-coder__14b/repeated_values_vector/eager/rep_2.py+strip_code(format_normalized,eager_vs_lazy)",16e5a8c62d95b6f9b11ca54493660f3035d5b1b06fe168822c800a9ba551ed59,data/core_v2/stripped/core_v2_generalization_local_eager_lazy_001/format_normalized/ollama__qwen2_5-coder__14b/repeated_values_vector/eager/rep_2.py,b13edbf188a38d05da2f76a5fc157564cd51eabab4fbbffd45228ac905396985,False,historical_analyze_restrip_with_PUBLIC_API_PRESERVE;reoracle_archive_as_written_without_preserve,copied_from_raw_oracle_cache,eager,false,False,missing_required_getters,HISTORICAL_AUDITOR_OUTPUT_WITHOUT_TRANSFORM_REORACLING_DIFFERENT_BYTES
ollama__qwen2_5-coder__14b|repeated_values_vector|eager|4,"derived_from:data/core_v2/stripped/core_v2_generalization_local_eager_lazy_001/raw/ollama__qwen2_5-coder__14b/repeated_values_vector/eager/rep_4.py+strip_code(format_normalized,eager_vs_lazy)",16e5a8c62d95b6f9b11ca54493660f3035d5b1b06fe168822c800a9ba551ed59,data/core_v2/stripped/core_v2_generalization_local_eager_lazy_001/format_normalized/ollama__qwen2_5-coder__14b/repeated_values_vector/eager/rep_4.py,b13edbf188a38d05da2f76a5fc157564cd51eabab4fbbffd45228ac905396985,False,historical_analyze_restrip_with_PUBLIC_API_PRESERVE;reoracle_archive_as_written_without_preserve,copied_from_raw_oracle_cache,eager,false,False,missing_required_getters,HISTORICAL_AUDITOR_OUTPUT_WITHOUT_TRANSFORM_REORACLING_DIFFERENT_BYTES
ollama__qwen2_5-coder__14b|repeated_values_vector|lazy|1,"derived_from:data/core_v2/stripped/core_v2_generalization_local_eager_lazy_001/raw/ollama__qwen2_5-coder__14b/repeated_values_vector/lazy/rep_1.py+strip_code(format_normalized,eager_vs_lazy)",332214e0f3a96c9c054ea82501a98f8a2327995fe0e2e78e0c5b0c2fc52def5c,data/core_v2/stripped/core_v2_generalization_local_eager_lazy_001/format_normalized/ollama__qwen2_5-coder__14b/repeated_values_vector/lazy/rep_1.py,c32ead885fb60a7aed8141c8b1d1eeb7e558cad5296f71f25ab04d843b265922,False,historical_analyze_restrip_with_PUBLIC_API_PRESERVE;reoracle_archive_as_written_without_preserve,copied_from_raw_oracle_cache,lazy,false,False,missing_required_getters,HISTORICAL_AUDITOR_OUTPUT_WITHOUT_TRANSFORM_REORACLING_DIFFERENT_BYTES
ollama__qwen2_5-coder__14b|repeated_values_vector|lazy|3,"derived_from:data/core_v2/stripped/core_v2_generalization_local_eager_lazy_001/raw/ollama__qwen2_5-coder__14b/repeated_values_vector/lazy/rep_3.py+strip_code(format_normalized,eager_vs_lazy)",332214e0f3a96c9c054ea82501a98f8a2327995fe0e2e78e0c5b0c2fc52def5c,data/core_v2/stripped/core_v2_generalization_local_eager_lazy_001/format_normalized/ollama__qwen2_5-coder__14b/repeated_values_vector/lazy/rep_3.py,c32ead885fb60a7aed8141c8b1d1eeb7e558cad5296f71f25ab04d843b265922,False,historical_analyze_restrip_with_PUBLIC_API_PRESERVE;reoracle_archive_as_written_without_preserve,copied_from_raw_oracle_cache,lazy,false,False,missing_required_getters,HISTORICAL_AUDITOR_OUTPUT_WITHOUT_TRANSFORM_REORACLING_DIFFERENT_BYTES
ollama__qwen2_5-coder__14b|repeated_values_vector|lazy|5,"derived_from:data/core_v2/stripped/core_v2_generalization_local_eager_lazy_001/raw/ollama__qwen2_5-coder__14b/repeated_values_vector/lazy/rep_5.py+strip_code(format_normalized,eager_vs_lazy)",332214e0f3a96c9c054ea82501a98f8a2327995fe0e2e78e0c5b0c2fc52def5c,data/core_v2/stripped/core_v2_generalization_local_eager_lazy_001/format_normalized/ollama__qwen2_5-coder__14b/repeated_values_vector/lazy/rep_5.py,c32ead885fb60a7aed8141c8b1d1eeb7e558cad5296f71f25ab04d843b265922,False,historical_analyze_restrip_with_PUBLIC_API_PRESERVE;reoracle_archive_as_written_without_preserve,copied_from_raw_oracle_cache,lazy,false,False,missing_required_getters,HISTORICAL_AUDITOR_OUTPUT_WITHOUT_TRANSFORM_REORACLING_DIFFERENT_BYTES
ollama__qwen2_5-coder__14b|repeated_values_vector|lazy|2,"derived_from:data/core_v2/stripped/core_v2_generalization_local_eager_lazy_001/raw/ollama__qwen2_5-coder__14b/repeated_values_vector/lazy/rep_2.py+strip_code(format_normalized,eager_vs_lazy)",332214e0f3a96c9c054ea82501a98f8a2327995fe0e2e78e0c5b0c2fc52def5c,data/core_v2/stripped/core_v2_generalization_local_eager_lazy_001/format_normalized/ollama__qwen2_5-coder__14b/repeated_values_vector/lazy/rep_2.py,c32ead885fb60a7aed8141c8b1d1eeb7e558cad5296f71f25ab04d843b265922,False,historical_analyze_restrip_with_PUBLIC_API_PRESERVE;reoracle_archive_as_written_without_preserve,copied_from_raw_oracle_cache,lazy,false,False,missing_required_getters,HISTORICAL_AUDITOR_OUTPUT_WITHOUT_TRANSFORM_REORACLING_DIFFERENT_BYTES
ollama__qwen2_5-coder__14b|repeated_values_vector|lazy|4,"derived_from:data/core_v2/stripped/core_v2_generalization_local_eager_lazy_001/raw/ollama__qwen2_5-coder__14b/repeated_values_vector/lazy/rep_4.py+strip_code(format_normalized,eager_vs_lazy)",332214e0f3a96c9c054ea82501a98f8a2327995fe0e2e78e0c5b0c2fc52def5c,data/core_v2/stripped/core_v2_generalization_local_eager_lazy_001/format_normalized/ollama__qwen2_5-coder__14b/repeated_values_vector/lazy/rep_4.py,c32ead885fb60a7aed8141c8b1d1eeb7e558cad5296f71f25ab04d843b265922,False,historical_analyze_restrip_with_PUBLIC_API_PRESERVE;reoracle_archive_as_written_without_preserve,copied_from_raw_oracle_cache,lazy,false,False,missing_required_getters,HISTORICAL_AUDITOR_OUTPUT_WITHOUT_TRANSFORM_REORACLING_DIFFERENT_BYTES
ollama__qwen2_5-coder__14b|small_positive_vector|eager|1,"derived_from:data/core_v2/stripped/core_v2_generalization_local_eager_lazy_001/raw/ollama__qwen2_5-coder__14b/small_positive_vector/eager/rep_1.py+strip_code(format_normalized,eager_vs_lazy)",16e5a8c62d95b6f9b11ca54493660f3035d5b1b06fe168822c800a9ba551ed59,data/core_v2/stripped/core_v2_generalization_local_eager_lazy_001/format_normalized/ollama__qwen2_5-coder__14b/small_positive_vector/eager/rep_1.py,b13edbf188a38d05da2f76a5fc157564cd51eabab4fbbffd45228ac905396985,False,historical_analyze_restrip_with_PUBLIC_API_PRESERVE;reoracle_archive_as_written_without_preserve,copied_from_raw_oracle_cache,eager,false,False,missing_required_getters,HISTORICAL_AUDITOR_OUTPUT_WITHOUT_TRANSFORM_REORACLING_DIFFERENT_BYTES
ollama__qwen2_5-coder__14b|small_positive_vector|eager|3,"derived_from:data/core_v2/stripped/core_v2_generalization_local_eager_lazy_001/raw/ollama__qwen2_5-coder__14b/small_positive_vector/eager/rep_3.py+strip_code(format_normalized,eager_vs_lazy)",16e5a8c62d95b6f9b11ca54493660f3035d5b1b06fe168822c800a9ba551ed59,data/core_v2/stripped/core_v2_generalization_local_eager_lazy_001/format_normalized/ollama__qwen2_5-coder__14b/small_positive_vector/eager/rep_3.py,b13edbf188a38d05da2f76a5fc157564cd51eabab4fbbffd45228ac905396985,False,historical_analyze_restrip_with_PUBLIC_API_PRESERVE;reoracle_archive_as_written_without_preserve,copied_from_raw_oracle_cache,eager,false,False,missing_required_getters,HISTORICAL_AUDITOR_OUTPUT_WITHOUT_TRANSFORM_REORACLING_DIFFERENT_BYTES
ollama__qwen2_5-coder__14b|small_positive_vector|eager|5,"derived_from:data/core_v2/stripped/core_v2_generalization_local_eager_lazy_001/raw/ollama__qwen2_5-coder__14b/small_positive_vector/eager/rep_5.py+strip_code(format_normalized,eager_vs_lazy)",16e5a8c62d95b6f9b11ca54493660f3035d5b1b06fe168822c800a9ba551ed59,data/core_v2/stripped/core_v2_generalization_local_eager_lazy_001/format_normalized/ollama__qwen2_5-coder__14b/small_positive_vector/eager/rep_5.py,b13edbf188a38d05da2f76a5fc157564cd51eabab4fbbffd45228ac905396985,False,historical_analyze_restrip_with_PUBLIC_API_PRESERVE;reoracle_archive_as_written_without_preserve,copied_from_raw_oracle_cache,eager,false,False,missing_required_getters,HISTORICAL_AUDITOR_OUTPUT_WITHOUT_TRANSFORM_REORACLING_DIFFERENT_BYTES
ollama__qwen2_5-coder__14b|small_positive_vector|eager|2,"derived_from:data/core_v2/stripped/core_v2_generalization_local_eager_lazy_001/raw/ollama__qwen2_5-coder__14b/small_positive_vector/eager/rep_2.py+strip_code(format_normalized,eager_vs_lazy)",16e5a8c62d95b6f9b11ca54493660f3035d5b1b06fe168822c800a9ba551ed59,data/core_v2/stripped/core_v2_generalization_local_eager_lazy_001/format_normalized/ollama__qwen2_5-coder__14b/small_positive_vector/eager/rep_2.py,b13edbf188a38d05da2f76a5fc157564cd51eabab4fbbffd45228ac905396985,False,historical_analyze_restrip_with_PUBLIC_API_PRESERVE;reoracle_archive_as_written_without_preserve,copied_from_raw_oracle_cache,eager,false,False,missing_required_getters,HISTORICAL_AUDITOR_OUTPUT_WITHOUT_TRANSFORM_REORACLING_DIFFERENT_BYTES
ollama__qwen2_5-coder__14b|small_positive_vector|eager|4,"derived_from:data/core_v2/stripped/core_v2_generalization_local_eager_lazy_001/raw/ollama__qwen2_5-coder__14b/small_positive_vector/eager/rep_4.py+strip_code(format_normalized,eager_vs_lazy)",16e5a8c62d95b6f9b11ca54493660f3035d5b1b06fe168822c800a9ba551ed59,data/core_v2/stripped/core_v2_generalization_local_eager_lazy_001/format_normalized/ollama__qwen2_5-coder__14b/small_positive_vector/eager/rep_4.py,b13edbf188a38d05da2f76a5fc157564cd51eabab4fbbffd45228ac905396985,False,historical_analyze_restrip_with_PUBLIC_API_PRESERVE;reoracle_archive_as_written_without_preserve,copied_from_raw_oracle_cache,eager,false,False,missing_required_getters,HISTORICAL_AUDITOR_OUTPUT_WITHOUT_TRANSFORM_REORACLING_DIFFERENT_BYTES
ollama__qwen2_5-coder__14b|small_positive_vector|lazy|1,"derived_from:data/core_v2/stripped/core_v2_generalization_local_eager_lazy_001/raw/ollama__qwen2_5-coder__14b/small_positive_vector/lazy/rep_1.py+strip_code(format_normalized,eager_vs_lazy)",332214e0f3a96c9c054ea82501a98f8a2327995fe0e2e78e0c5b0c2fc52def5c,data/core_v2/stripped/core_v2_generalization_local_eager_lazy_001/format_normalized/ollama__qwen2_5-coder__14b/small_positive_vector/lazy/rep_1.py,c32ead885fb60a7aed8141c8b1d1eeb7e558cad5296f71f25ab04d843b265922,False,historical_analyze_restrip_with_PUBLIC_API_PRESERVE;reoracle_archive_as_written_without_preserve,copied_from_raw_oracle_cache,lazy,false,False,missing_required_getters,HISTORICAL_AUDITOR_OUTPUT_WITHOUT_TRANSFORM_REORACLING_DIFFERENT_BYTES
ollama__qwen2_5-coder__14b|small_positive_vector|lazy|3,"derived_from:data/core_v2/stripped/core_v2_generalization_local_eager_lazy_001/raw/ollama__qwen2_5-coder__14b/small_positive_vector/lazy/rep_3.py+strip_code(format_normalized,eager_vs_lazy)",332214e0f3a96c9c054ea82501a98f8a2327995fe0e2e78e0c5b0c2fc52def5c,data/core_v2/stripped/core_v2_generalization_local_eager_lazy_001/format_normalized/ollama__qwen2_5-coder__14b/small_positive_vector/lazy/rep_3.py,c32ead885fb60a7aed8141c8b1d1eeb7e558cad5296f71f25ab04d843b265922,False,historical_analyze_restrip_with_PUBLIC_API_PRESERVE;reoracle_archive_as_written_without_preserve,copied_from_raw_oracle_cache,lazy,false,False,missing_required_getters,HISTORICAL_AUDITOR_OUTPUT_WITHOUT_TRANSFORM_REORACLING_DIFFERENT_BYTES
ollama__qwen2_5-coder__14b|small_positive_vector|lazy|5,"derived_from:data/core_v2/stripped/core_v2_generalization_local_eager_lazy_001/raw/ollama__qwen2_5-coder__14b/small_positive_vector/lazy/rep_5.py+strip_code(format_normalized,eager_vs_lazy)",332214e0f3a96c9c054ea82501a98f8a2327995fe0e2e78e0c5b0c2fc52def5c,data/core_v2/stripped/core_v2_generalization_local_eager_lazy_001/format_normalized/ollama__qwen2_5-coder__14b/small_positive_vector/lazy/rep_5.py,c32ead885fb60a7aed8141c8b1d1eeb7e558cad5296f71f25ab04d843b265922,False,historical_analyze_restrip_with_PUBLIC_API_PRESERVE;reoracle_archive_as_written_without_preserve,copied_from_raw_oracle_cache,lazy,false,False,missing_required_getters,HISTORICAL_AUDITOR_OUTPUT_WITHOUT_TRANSFORM_REORACLING_DIFFERENT_BYTES
ollama__qwen2_5-coder__14b|small_positive_vector|lazy|2,"derived_from:data/core_v2/stripped/core_v2_generalization_local_eager_lazy_001/raw/ollama__qwen2_5-coder__14b/small_positive_vector/lazy/rep_2.py+strip_code(format_normalized,eager_vs_lazy)",332214e0f3a96c9c054ea82501a98f8a2327995fe0e2e78e0c5b0c2fc52def5c,data/core_v2/stripped/core_v2_generalization_local_eager_lazy_001/format_normalized/ollama__qwen2_5-coder__14b/small_positive_vector/lazy/rep_2.py,c32ead885fb60a7aed8141c8b1d1eeb7e558cad5296f71f25ab04d843b265922,False,historical_analyze_restrip_with_PUBLIC_API_PRESERVE;reoracle_archive_as_written_without_preserve,copied_from_raw_oracle_cache,lazy,false,False,missing_required_getters,HISTORICAL_AUDITOR_OUTPUT_WITHOUT_TRANSFORM_REORACLING_DIFFERENT_BYTES
ollama__qwen2_5-coder__14b|small_positive_vector|lazy|4,"derived_from:data/core_v2/stripped/core_v2_generalization_local_eager_lazy_001/raw/ollama__qwen2_5-coder__14b/small_positive_vector/lazy/rep_4.py+strip_code(format_normalized,eager_vs_lazy)",332214e0f3a96c9c054ea82501a98f8a2327995fe0e2e78e0c5b0c2fc52def5c,data/core_v2/stripped/core_v2_generalization_local_eager_lazy_001/format_normalized/ollama__qwen2_5-coder__14b/small_positive_vector/lazy/rep_4.py,c32ead885fb60a7aed8141c8b1d1eeb7e558cad5296f71f25ab04d843b265922,False,historical_analyze_restrip_with_PUBLIC_API_PRESERVE;reoracle_archive_as_written_without_preserve,copied_from_raw_oracle_cache,lazy,false,False,missing_required_getters,HISTORICAL_AUDITOR_OUTPUT_WITHOUT_TRANSFORM_REORACLING_DIFFERENT_BYTES
ollama__devstral__latest|mixed_signed_vector|eager|1,"derived_from:data/core_v2/stripped/core_v2_generalization_local_eager_lazy_001/raw/ollama__devstral__latest/mixed_signed_vector/eager/rep_1.py+strip_code(format_normalized,eager_vs_lazy)",16e5a8c62d95b6f9b11ca54493660f3035d5b1b06fe168822c800a9ba551ed59,data/core_v2/stripped/core_v2_generalization_local_eager_lazy_001/format_normalized/ollama__devstral__latest/mixed_signed_vector/eager/rep_1.py,b13edbf188a38d05da2f76a5fc157564cd51eabab4fbbffd45228ac905396985,False,historical_analyze_restrip_with_PUBLIC_API_PRESERVE;reoracle_archive_as_written_without_preserve,copied_from_raw_oracle_cache,eager,false,False,missing_required_getters,HISTORICAL_AUDITOR_OUTPUT_WITHOUT_TRANSFORM_REORACLING_DIFFERENT_BYTES
ollama__devstral__latest|mixed_signed_vector|eager|3,"derived_from:data/core_v2/stripped/core_v2_generalization_local_eager_lazy_001/raw/ollama__devstral__latest/mixed_signed_vector/eager/rep_3.py+strip_code(format_normalized,eager_vs_lazy)",16e5a8c62d95b6f9b11ca54493660f3035d5b1b06fe168822c800a9ba551ed59,data/core_v2/stripped/core_v2_generalization_local_eager_lazy_001/format_normalized/ollama__devstral__latest/mixed_signed_vector/eager/rep_3.py,b13edbf188a38d05da2f76a5fc157564cd51eabab4fbbffd45228ac905396985,False,historical_analyze_restrip_with_PUBLIC_API_PRESERVE;reoracle_archive_as_written_without_preserve,copied_from_raw_oracle_cache,eager,false,False,missing_required_getters,HISTORICAL_AUDITOR_OUTPUT_WITHOUT_TRANSFORM_REORACLING_DIFFERENT_BYTES
ollama__devstral__latest|mixed_signed_vector|eager|5,"derived_from:data/core_v2/stripped/core_v2_generalization_local_eager_lazy_001/raw/ollama__devstral__latest/mixed_signed_vector/eager/rep_5.py+strip_code(format_normalized,eager_vs_lazy)",16e5a8c62d95b6f9b11ca54493660f3035d5b1b06fe168822c800a9ba551ed59,data/core_v2/stripped/core_v2_generalization_local_eager_lazy_001/format_normalized/ollama__devstral__latest/mixed_signed_vector/eager/rep_5.py,b13edbf188a38d05da2f76a5fc157564cd51eabab4fbbffd45228ac905396985,False,historical_analyze_restrip_with_PUBLIC_API_PRESERVE;reoracle_archive_as_written_without_preserve,copied_from_raw_oracle_cache,eager,false,False,missing_required_getters,HISTORICAL_AUDITOR_OUTPUT_WITHOUT_TRANSFORM_REORACLING_DIFFERENT_BYTES
ollama__devstral__latest|mixed_signed_vector|eager|2,"derived_from:data/core_v2/stripped/core_v2_generalization_local_eager_lazy_001/raw/ollama__devstral__latest/mixed_signed_vector/eager/rep_2.py+strip_code(format_normalized,eager_vs_lazy)",16e5a8c62d95b6f9b11ca54493660f3035d5b1b06fe168822c800a9ba551ed59,data/core_v2/stripped/core_v2_generalization_local_eager_lazy_001/format_normalized/ollama__devstral__latest/mixed_signed_vector/eager/rep_2.py,b13edbf188a38d05da2f76a5fc157564cd51eabab4fbbffd45228ac905396985,False,historical_analyze_restrip_with_PUBLIC_API_PRESERVE;reoracle_archive_as_written_without_preserve,copied_from_raw_oracle_cache,eager,false,False,missing_required_getters,HISTORICAL_AUDITOR_OUTPUT_WITHOUT_TRANSFORM_REORACLING_DIFFERENT_BYTES
ollama__devstral__latest|mixed_signed_vector|eager|4,"derived_from:data/core_v2/stripped/core_v2_generalization_local_eager_lazy_001/raw/ollama__devstral__latest/mixed_signed_vector/eager/rep_4.py+strip_code(format_normalized,eager_vs_lazy)",16e5a8c62d95b6f9b11ca54493660f3035d5b1b06fe168822c800a9ba551ed59,data/core_v2/stripped/core_v2_generalization_local_eager_lazy_001/format_normalized/ollama__devstral__latest/mixed_signed_vector/eager/rep_4.py,b13edbf188a38d05da2f76a5fc157564cd51eabab4fbbffd45228ac905396985,False,historical_analyze_restrip_with_PUBLIC_API_PRESERVE;reoracle_archive_as_written_without_preserve,copied_from_raw_oracle_cache,eager,false,False,missing_required_getters,HISTORICAL_AUDITOR_OUTPUT_WITHOUT_TRANSFORM_REORACLING_DIFFERENT_BYTES
ollama__devstral__latest|mixed_signed_vector|lazy|1,"derived_from:data/core_v2/stripped/core_v2_generalization_local_eager_lazy_001/raw/ollama__devstral__latest/mixed_signed_vector/lazy/rep_1.py+strip_code(format_normalized,eager_vs_lazy)",332214e0f3a96c9c054ea82501a98f8a2327995fe0e2e78e0c5b0c2fc52def5c,data/core_v2/stripped/core_v2_generalization_local_eager_lazy_001/format_normalized/ollama__devstral__latest/mixed_signed_vector/lazy/rep_1.py,c32ead885fb60a7aed8141c8b1d1eeb7e558cad5296f71f25ab04d843b265922,False,historical_analyze_restrip_with_PUBLIC_API_PRESERVE;reoracle_archive_as_written_without_preserve,copied_from_raw_oracle_cache,lazy,false,False,missing_required_getters,HISTORICAL_AUDITOR_OUTPUT_WITHOUT_TRANSFORM_REORACLING_DIFFERENT_BYTES
ollama__devstral__latest|mixed_signed_vector|lazy|3,"derived_from:data/core_v2/stripped/core_v2_generalization_local_eager_lazy_001/raw/ollama__devstral__latest/mixed_signed_vector/lazy/rep_3.py+strip_code(format_normalized,eager_vs_lazy)",332214e0f3a96c9c054ea82501a98f8a2327995fe0e2e78e0c5b0c2fc52def5c,data/core_v2/stripped/core_v2_generalization_local_eager_lazy_001/format_normalized/ollama__devstral__latest/mixed_signed_vector/lazy/rep_3.py,c32ead885fb60a7aed8141c8b1d1eeb7e558cad5296f71f25ab04d843b265922,False,historical_analyze_restrip_with_PUBLIC_API_PRESERVE;reoracle_archive_as_written_without_preserve,copied_from_raw_oracle_cache,lazy,false,False,missing_required_getters,HISTORICAL_AUDITOR_OUTPUT_WITHOUT_TRANSFORM_REORACLING_DIFFERENT_BYTES
ollama__devstral__latest|mixed_signed_vector|lazy|5,"derived_from:data/core_v2/stripped/core_v2_generalization_local_eager_lazy_001/raw/ollama__devstral__latest/mixed_signed_vector/lazy/rep_5.py+strip_code(format_normalized,eager_vs_lazy)",332214e0f3a96c9c054ea82501a98f8a2327995fe0e2e78e0c5b0c2fc52def5c,data/core_v2/stripped/core_v2_generalization_local_eager_lazy_001/format_normalized/ollama__devstral__latest/mixed_signed_vector/lazy/rep_5.py,c32ead885fb60a7aed8141c8b1d1eeb7e558cad5296f71f25ab04d843b265922,False,historical_analyze_restrip_with_PUBLIC_API_PRESERVE;reoracle_archive_as_written_without_preserve,copied_from_raw_oracle_cache,lazy,false,False,missing_required_getters,HISTORICAL_AUDITOR_OUTPUT_WITHOUT_TRANSFORM_REORACLING_DIFFERENT_BYTES
ollama__devstral__latest|mixed_signed_vector|lazy|2,"derived_from:data/core_v2/stripped/core_v2_generalization_local_eager_lazy_001/raw/ollama__devstral__latest/mixed_signed_vector/lazy/rep_2.py+strip_code(format_normalized,eager_vs_lazy)",332214e0f3a96c9c054ea82501a98f8a2327995fe0e2e78e0c5b0c2fc52def5c,data/core_v2/stripped/core_v2_generalization_local_eager_lazy_001/format_normalized/ollama__devstral__latest/mixed_signed_vector/lazy/rep_2.py,c32ead885fb60a7aed8141c8b1d1eeb7e558cad5296f71f25ab04d843b265922,False,historical_analyze_restrip_with_PUBLIC_API_PRESERVE;reoracle_archive_as_written_without_preserve,copied_from_raw_oracle_cache,lazy,false,False,missing_required_getters,HISTORICAL_AUDITOR_OUTPUT_WITHOUT_TRANSFORM_REORACLING_DIFFERENT_BYTES
ollama__devstral__latest|mixed_signed_vector|lazy|4,"derived_from:data/core_v2/stripped/core_v2_generalization_local_eager_lazy_001/raw/ollama__devstral__latest/mixed_signed_vector/lazy/rep_4.py+strip_code(format_normalized,eager_vs_lazy)",332214e0f3a96c9c054ea82501a98f8a2327995fe0e2e78e0c5b0c2fc52def5c,data/core_v2/stripped/core_v2_generalization_local_eager_lazy_001/format_normalized/ollama__devstral__latest/mixed_signed_vector/lazy/rep_4.py,c32ead885fb60a7aed8141c8b1d1eeb7e558cad5296f71f25ab04d843b265922,False,historical_analyze_restrip_with_PUBLIC_API_PRESERVE;reoracle_archive_as_written_without_preserve,copied_from_raw_oracle_cache,lazy,false,False,missing_required_getters,HISTORICAL_AUDITOR_OUTPUT_WITHOUT_TRANSFORM_REORACLING_DIFFERENT_BYTES
ollama__devstral__latest|repeated_values_vector|eager|1,"derived_from:data/core_v2/stripped/core_v2_generalization_local_eager_lazy_001/raw/ollama__devstral__latest/repeated_values_vector/eager/rep_1.py+strip_code(format_normalized,eager_vs_lazy)",16e5a8c62d95b6f9b11ca54493660f3035d5b1b06fe168822c800a9ba551ed59,data/core_v2/stripped/core_v2_generalization_local_eager_lazy_001/format_normalized/ollama__devstral__latest/repeated_values_vector/eager/rep_1.py,b13edbf188a38d05da2f76a5fc157564cd51eabab4fbbffd45228ac905396985,False,historical_analyze_restrip_with_PUBLIC_API_PRESERVE;reoracle_archive_as_written_without_preserve,copied_from_raw_oracle_cache,eager,false,False,missing_required_getters,HISTORICAL_AUDITOR_OUTPUT_WITHOUT_TRANSFORM_REORACLING_DIFFERENT_BYTES
ollama__devstral__latest|repeated_values_vector|eager|3,"derived_from:data/core_v2/stripped/core_v2_generalization_local_eager_lazy_001/raw/ollama__devstral__latest/repeated_values_vector/eager/rep_3.py+strip_code(format_normalized,eager_vs_lazy)",16e5a8c62d95b6f9b11ca54493660f3035d5b1b06fe168822c800a9ba551ed59,data/core_v2/stripped/core_v2_generalization_local_eager_lazy_001/format_normalized/ollama__devstral__latest/repeated_values_vector/eager/rep_3.py,b13edbf188a38d05da2f76a5fc157564cd51eabab4fbbffd45228ac905396985,False,historical_analyze_restrip_with_PUBLIC_API_PRESERVE;reoracle_archive_as_written_without_preserve,copied_from_raw_oracle_cache,eager,false,False,missing_required_getters,HISTORICAL_AUDITOR_OUTPUT_WITHOUT_TRANSFORM_REORACLING_DIFFERENT_BYTES
ollama__devstral__latest|repeated_values_vector|eager|5,"derived_from:data/core_v2/stripped/core_v2_generalization_local_eager_lazy_001/raw/ollama__devstral__latest/repeated_values_vector/eager/rep_5.py+strip_code(format_normalized,eager_vs_lazy)",16e5a8c62d95b6f9b11ca54493660f3035d5b1b06fe168822c800a9ba551ed59,data/core_v2/stripped/core_v2_generalization_local_eager_lazy_001/format_normalized/ollama__devstral__latest/repeated_values_vector/eager/rep_5.py,b13edbf188a38d05da2f76a5fc157564cd51eabab4fbbffd45228ac905396985,False,historical_analyze_restrip_with_PUBLIC_API_PRESERVE;reoracle_archive_as_written_without_preserve,copied_from_raw_oracle_cache,eager,false,False,missing_required_getters,HISTORICAL_AUDITOR_OUTPUT_WITHOUT_TRANSFORM_REORACLING_DIFFERENT_BYTES
ollama__devstral__latest|repeated_values_vector|eager|2,"derived_from:data/core_v2/stripped/core_v2_generalization_local_eager_lazy_001/raw/ollama__devstral__latest/repeated_values_vector/eager/rep_2.py+strip_code(format_normalized,eager_vs_lazy)",16e5a8c62d95b6f9b11ca54493660f3035d5b1b06fe168822c800a9ba551ed59,data/core_v2/stripped/core_v2_generalization_local_eager_lazy_001/format_normalized/ollama__devstral__latest/repeated_values_vector/eager/rep_2.py,b13edbf188a38d05da2f76a5fc157564cd51eabab4fbbffd45228ac905396985,False,historical_analyze_restrip_with_PUBLIC_API_PRESERVE;reoracle_archive_as_written_without_preserve,copied_from_raw_oracle_cache,eager,false,False,missing_required_getters,HISTORICAL_AUDITOR_OUTPUT_WITHOUT_TRANSFORM_REORACLING_DIFFERENT_BYTES
ollama__devstral__latest|repeated_values_vector|eager|4,"derived_from:data/core_v2/stripped/core_v2_generalization_local_eager_lazy_001/raw/ollama__devstral__latest/repeated_values_vector/eager/rep_4.py+strip_code(format_normalized,eager_vs_lazy)",16e5a8c62d95b6f9b11ca54493660f3035d5b1b06fe168822c800a9ba551ed59,data/core_v2/stripped/core_v2_generalization_local_eager_lazy_001/format_normalized/ollama__devstral__latest/repeated_values_vector/eager/rep_4.py,b13edbf188a38d05da2f76a5fc157564cd51eabab4fbbffd45228ac905396985,False,historical_analyze_restrip_with_PUBLIC_API_PRESERVE;reoracle_archive_as_written_without_preserve,copied_from_raw_oracle_cache,eager,false,False,missing_required_getters,HISTORICAL_AUDITOR_OUTPUT_WITHOUT_TRANSFORM_REORACLING_DIFFERENT_BYTES
ollama__devstral__latest|repeated_values_vector|lazy|1,"derived_from:data/core_v2/stripped/core_v2_generalization_local_eager_lazy_001/raw/ollama__devstral__latest/repeated_values_vector/lazy/rep_1.py+strip_code(format_normalized,eager_vs_lazy)",332214e0f3a96c9c054ea82501a98f8a2327995fe0e2e78e0c5b0c2fc52def5c,data/core_v2/stripped/core_v2_generalization_local_eager_lazy_001/format_normalized/ollama__devstral__latest/repeated_values_vector/lazy/rep_1.py,c32ead885fb60a7aed8141c8b1d1eeb7e558cad5296f71f25ab04d843b265922,False,historical_analyze_restrip_with_PUBLIC_API_PRESERVE;reoracle_archive_as_written_without_preserve,copied_from_raw_oracle_cache,lazy,false,False,missing_required_getters,HISTORICAL_AUDITOR_OUTPUT_WITHOUT_TRANSFORM_REORACLING_DIFFERENT_BYTES
ollama__devstral__latest|repeated_values_vector|lazy|3,"derived_from:data/core_v2/stripped/core_v2_generalization_local_eager_lazy_001/raw/ollama__devstral__latest/repeated_values_vector/lazy/rep_3.py+strip_code(format_normalized,eager_vs_lazy)",332214e0f3a96c9c054ea82501a98f8a2327995fe0e2e78e0c5b0c2fc52def5c,data/core_v2/stripped/core_v2_generalization_local_eager_lazy_001/format_normalized/ollama__devstral__latest/repeated_values_vector/lazy/rep_3.py,c32ead885fb60a7aed8141c8b1d1eeb7e558cad5296f71f25ab04d843b265922,False,historical_analyze_restrip_with_PUBLIC_API_PRESERVE;reoracle_archive_as_written_without_preserve,copied_from_raw_oracle_cache,lazy,false,False,missing_required_getters,HISTORICAL_AUDITOR_OUTPUT_WITHOUT_TRANSFORM_REORACLING_DIFFERENT_BYTES
ollama__devstral__latest|repeated_values_vector|lazy|5,"derived_from:data/core_v2/stripped/core_v2_generalization_local_eager_lazy_001/raw/ollama__devstral__latest/repeated_values_vector/lazy/rep_5.py+strip_code(format_normalized,eager_vs_lazy)",332214e0f3a96c9c054ea82501a98f8a2327995fe0e2e78e0c5b0c2fc52def5c,data/core_v2/stripped/core_v2_generalization_local_eager_lazy_001/format_normalized/ollama__devstral__latest/repeated_values_vector/lazy/rep_5.py,c32ead885fb60a7aed8141c8b1d1eeb7e558cad5296f71f25ab04d843b265922,False,historical_analyze_restrip_with_PUBLIC_API_PRESERVE;reoracle_archive_as_written_without_preserve,copied_from_raw_oracle_cache,lazy,false,False,missing_required_getters,HISTORICAL_AUDITOR_OUTPUT_WITHOUT_TRANSFORM_REORACLING_DIFFERENT_BYTES
ollama__devstral__latest|repeated_values_vector|lazy|2,"derived_from:data/core_v2/stripped/core_v2_generalization_local_eager_lazy_001/raw/ollama__devstral__latest/repeated_values_vector/lazy/rep_2.py+strip_code(format_normalized,eager_vs_lazy)",332214e0f3a96c9c054ea82501a98f8a2327995fe0e2e78e0c5b0c2fc52def5c,data/core_v2/stripped/core_v2_generalization_local_eager_lazy_001/format_normalized/ollama__devstral__latest/repeated_values_vector/lazy/rep_2.py,c32ead885fb60a7aed8141c8b1d1eeb7e558cad5296f71f25ab04d843b265922,False,historical_analyze_restrip_with_PUBLIC_API_PRESERVE;reoracle_archive_as_written_without_preserve,copied_from_raw_oracle_cache,lazy,false,False,missing_required_getters,HISTORICAL_AUDITOR_OUTPUT_WITHOUT_TRANSFORM_REORACLING_DIFFERENT_BYTES
ollama__devstral__latest|repeated_values_vector|lazy|4,"derived_from:data/core_v2/stripped/core_v2_generalization_local_eager_lazy_001/raw/ollama__devstral__latest/repeated_values_vector/lazy/rep_4.py+strip_code(format_normalized,eager_vs_lazy)",332214e0f3a96c9c054ea82501a98f8a2327995fe0e2e78e0c5b0c2fc52def5c,data/core_v2/stripped/core_v2_generalization_local_eager_lazy_001/format_normalized/ollama__devstral__latest/repeated_values_vector/lazy/rep_4.py,c32ead885fb60a7aed8141c8b1d1eeb7e558cad5296f71f25ab04d843b265922,False,historical_analyze_restrip_with_PUBLIC_API_PRESERVE;reoracle_archive_as_written_without_preserve,copied_from_raw_oracle_cache,lazy,false,False,missing_required_getters,HISTORICAL_AUDITOR_OUTPUT_WITHOUT_TRANSFORM_REORACLING_DIFFERENT_BYTES
ollama__devstral__latest|small_positive_vector|eager|1,"derived_from:data/core_v2/stripped/core_v2_generalization_local_eager_lazy_001/raw/ollama__devstral__latest/small_positive_vector/eager/rep_1.py+strip_code(format_normalized,eager_vs_lazy)",16e5a8c62d95b6f9b11ca54493660f3035d5b1b06fe168822c800a9ba551ed59,data/core_v2/stripped/core_v2_generalization_local_eager_lazy_001/format_normalized/ollama__devstral__latest/small_positive_vector/eager/rep_1.py,b13edbf188a38d05da2f76a5fc157564cd51eabab4fbbffd45228ac905396985,False,historical_analyze_restrip_with_PUBLIC_API_PRESERVE;reoracle_archive_as_written_without_preserve,copied_from_raw_oracle_cache,eager,false,False,missing_required_getters,HISTORICAL_AUDITOR_OUTPUT_WITHOUT_TRANSFORM_REORACLING_DIFFERENT_BYTES
ollama__devstral__latest|small_positive_vector|eager|3,"derived_from:data/core_v2/stripped/core_v2_generalization_local_eager_lazy_001/raw/ollama__devstral__latest/small_positive_vector/eager/rep_3.py+strip_code(format_normalized,eager_vs_lazy)",16e5a8c62d95b6f9b11ca54493660f3035d5b1b06fe168822c800a9ba551ed59,data/core_v2/stripped/core_v2_generalization_local_eager_lazy_001/format_normalized/ollama__devstral__latest/small_positive_vector/eager/rep_3.py,b13edbf188a38d05da2f76a5fc157564cd51eabab4fbbffd45228ac905396985,False,historical_analyze_restrip_with_PUBLIC_API_PRESERVE;reoracle_archive_as_written_without_preserve,copied_from_raw_oracle_cache,eager,false,False,missing_required_getters,HISTORICAL_AUDITOR_OUTPUT_WITHOUT_TRANSFORM_REORACLING_DIFFERENT_BYTES
ollama__devstral__latest|small_positive_vector|eager|5,"derived_from:data/core_v2/stripped/core_v2_generalization_local_eager_lazy_001/raw/ollama__devstral__latest/small_positive_vector/eager/rep_5.py+strip_code(format_normalized,eager_vs_lazy)",16e5a8c62d95b6f9b11ca54493660f3035d5b1b06fe168822c800a9ba551ed59,data/core_v2/stripped/core_v2_generalization_local_eager_lazy_001/format_normalized/ollama__devstral__latest/small_positive_vector/eager/rep_5.py,b13edbf188a38d05da2f76a5fc157564cd51eabab4fbbffd45228ac905396985,False,historical_analyze_restrip_with_PUBLIC_API_PRESERVE;reoracle_archive_as_written_without_preserve,copied_from_raw_oracle_cache,eager,false,False,missing_required_getters,HISTORICAL_AUDITOR_OUTPUT_WITHOUT_TRANSFORM_REORACLING_DIFFERENT_BYTES
ollama__devstral__latest|small_positive_vector|eager|2,"derived_from:data/core_v2/stripped/core_v2_generalization_local_eager_lazy_001/raw/ollama__devstral__latest/small_positive_vector/eager/rep_2.py+strip_code(format_normalized,eager_vs_lazy)",16e5a8c62d95b6f9b11ca54493660f3035d5b1b06fe168822c800a9ba551ed59,data/core_v2/stripped/core_v2_generalization_local_eager_lazy_001/format_normalized/ollama__devstral__latest/small_positive_vector/eager/rep_2.py,b13edbf188a38d05da2f76a5fc157564cd51eabab4fbbffd45228ac905396985,False,historical_analyze_restrip_with_PUBLIC_API_PRESERVE;reoracle_archive_as_written_without_preserve,copied_from_raw_oracle_cache,eager,false,False,missing_required_getters,HISTORICAL_AUDITOR_OUTPUT_WITHOUT_TRANSFORM_REORACLING_DIFFERENT_BYTES
ollama__devstral__latest|small_positive_vector|eager|4,"derived_from:data/core_v2/stripped/core_v2_generalization_local_eager_lazy_001/raw/ollama__devstral__latest/small_positive_vector/eager/rep_4.py+strip_code(format_normalized,eager_vs_lazy)",16e5a8c62d95b6f9b11ca54493660f3035d5b1b06fe168822c800a9ba551ed59,data/core_v2/stripped/core_v2_generalization_local_eager_lazy_001/format_normalized/ollama__devstral__latest/small_positive_vector/eager/rep_4.py,b13edbf188a38d05da2f76a5fc157564cd51eabab4fbbffd45228ac905396985,False,historical_analyze_restrip_with_PUBLIC_API_PRESERVE;reoracle_archive_as_written_without_preserve,copied_from_raw_oracle_cache,eager,false,False,missing_required_getters,HISTORICAL_AUDITOR_OUTPUT_WITHOUT_TRANSFORM_REORACLING_DIFFERENT_BYTES
ollama__devstral__latest|small_positive_vector|lazy|1,"derived_from:data/core_v2/stripped/core_v2_generalization_local_eager_lazy_001/raw/ollama__devstral__latest/small_positive_vector/lazy/rep_1.py+strip_code(format_normalized,eager_vs_lazy)",332214e0f3a96c9c054ea82501a98f8a2327995fe0e2e78e0c5b0c2fc52def5c,data/core_v2/stripped/core_v2_generalization_local_eager_lazy_001/format_normalized/ollama__devstral__latest/small_positive_vector/lazy/rep_1.py,c32ead885fb60a7aed8141c8b1d1eeb7e558cad5296f71f25ab04d843b265922,False,historical_analyze_restrip_with_PUBLIC_API_PRESERVE;reoracle_archive_as_written_without_preserve,copied_from_raw_oracle_cache,lazy,false,False,missing_required_getters,HISTORICAL_AUDITOR_OUTPUT_WITHOUT_TRANSFORM_REORACLING_DIFFERENT_BYTES
ollama__devstral__latest|small_positive_vector|lazy|3,"derived_from:data/core_v2/stripped/core_v2_generalization_local_eager_lazy_001/raw/ollama__devstral__latest/small_positive_vector/lazy/rep_3.py+strip_code(format_normalized,eager_vs_lazy)",332214e0f3a96c9c054ea82501a98f8a2327995fe0e2e78e0c5b0c2fc52def5c,data/core_v2/stripped/core_v2_generalization_local_eager_lazy_001/format_normalized/ollama__devstral__latest/small_positive_vector/lazy/rep_3.py,c32ead885fb60a7aed8141c8b1d1eeb7e558cad5296f71f25ab04d843b265922,False,historical_analyze_restrip_with_PUBLIC_API_PRESERVE;reoracle_archive_as_written_without_preserve,copied_from_raw_oracle_cache,lazy,false,False,missing_required_getters,HISTORICAL_AUDITOR_OUTPUT_WITHOUT_TRANSFORM_REORACLING_DIFFERENT_BYTES
ollama__devstral__latest|small_positive_vector|lazy|5,"derived_from:data/core_v2/stripped/core_v2_generalization_local_eager_lazy_001/raw/ollama__devstral__latest/small_positive_vector/lazy/rep_5.py+strip_code(format_normalized,eager_vs_lazy)",332214e0f3a96c9c054ea82501a98f8a2327995fe0e2e78e0c5b0c2fc52def5c,data/core_v2/stripped/core_v2_generalization_local_eager_lazy_001/format_normalized/ollama__devstral__latest/small_positive_vector/lazy/rep_5.py,c32ead885fb60a7aed8141c8b1d1eeb7e558cad5296f71f25ab04d843b265922,False,historical_analyze_restrip_with_PUBLIC_API_PRESERVE;reoracle_archive_as_written_without_preserve,copied_from_raw_oracle_cache,lazy,false,False,missing_required_getters,HISTORICAL_AUDITOR_OUTPUT_WITHOUT_TRANSFORM_REORACLING_DIFFERENT_BYTES
ollama__devstral__latest|small_positive_vector|lazy|2,"derived_from:data/core_v2/stripped/core_v2_generalization_local_eager_lazy_001/raw/ollama__devstral__latest/small_positive_vector/lazy/rep_2.py+strip_code(format_normalized,eager_vs_lazy)",332214e0f3a96c9c054ea82501a98f8a2327995fe0e2e78e0c5b0c2fc52def5c,data/core_v2/stripped/core_v2_generalization_local_eager_lazy_001/format_normalized/ollama__devstral__latest/small_positive_vector/lazy/rep_2.py,c32ead885fb60a7aed8141c8b1d1eeb7e558cad5296f71f25ab04d843b265922,False,historical_analyze_restrip_with_PUBLIC_API_PRESERVE;reoracle_archive_as_written_without_preserve,copied_from_raw_oracle_cache,lazy,false,False,missing_required_getters,HISTORICAL_AUDITOR_OUTPUT_WITHOUT_TRANSFORM_REORACLING_DIFFERENT_BYTES
ollama__devstral__latest|small_positive_vector|lazy|4,"derived_from:data/core_v2/stripped/core_v2_generalization_local_eager_lazy_001/raw/ollama__devstral__latest/small_positive_vector/lazy/rep_4.py+strip_code(format_normalized,eager_vs_lazy)",332214e0f3a96c9c054ea82501a98f8a2327995fe0e2e78e0c5b0c2fc52def5c,data/core_v2/stripped/core_v2_generalization_local_eager_lazy_001/format_normalized/ollama__devstral__latest/small_positive_vector/lazy/rep_4.py,c32ead885fb60a7aed8141c8b1d1eeb7e558cad5296f71f25ab04d843b265922,False,historical_analyze_restrip_with_PUBLIC_API_PRESERVE;reoracle_archive_as_written_without_preserve,copied_from_raw_oracle_cache,lazy,false,False,missing_required_getters,HISTORICAL_AUDITOR_OUTPUT_WITHOUT_TRANSFORM_REORACLING_DIFFERENT_BYTES
ollama__qwen3-coder__30b|mixed_signed_vector|eager|1,"derived_from:data/core_v2/stripped/core_v2_generalization_local_eager_lazy_001/raw/ollama__qwen3-coder__30b/mixed_signed_vector/eager/rep_1.py+strip_code(format_normalized,eager_vs_lazy)",fdf0a8254b48592fd3a3e6b6c8eed1e164bccdd2ad666c4731edab57e7e5c265,data/core_v2/stripped/core_v2_generalization_local_eager_lazy_001/format_normalized/ollama__qwen3-coder__30b/mixed_signed_vector/eager/rep_1.py,7f03fc7cb58b7cae59e761a3c5044aa6d447bcbde3bca5917d3799cdba54afa5,False,historical_analyze_restrip_with_PUBLIC_API_PRESERVE;reoracle_archive_as_written_without_preserve,copied_from_raw_oracle_cache,eager,false,False,missing_required_getters,HISTORICAL_AUDITOR_OUTPUT_WITHOUT_TRANSFORM_REORACLING_DIFFERENT_BYTES
ollama__qwen3-coder__30b|mixed_signed_vector|eager|3,"derived_from:data/core_v2/stripped/core_v2_generalization_local_eager_lazy_001/raw/ollama__qwen3-coder__30b/mixed_signed_vector/eager/rep_3.py+strip_code(format_normalized,eager_vs_lazy)",fdf0a8254b48592fd3a3e6b6c8eed1e164bccdd2ad666c4731edab57e7e5c265,data/core_v2/stripped/core_v2_generalization_local_eager_lazy_001/format_normalized/ollama__qwen3-coder__30b/mixed_signed_vector/eager/rep_3.py,7f03fc7cb58b7cae59e761a3c5044aa6d447bcbde3bca5917d3799cdba54afa5,False,historical_analyze_restrip_with_PUBLIC_API_PRESERVE;reoracle_archive_as_written_without_preserve,copied_from_raw_oracle_cache,eager,false,False,missing_required_getters,HISTORICAL_AUDITOR_OUTPUT_WITHOUT_TRANSFORM_REORACLING_DIFFERENT_BYTES
ollama__qwen3-coder__30b|mixed_signed_vector|eager|5,"derived_from:data/core_v2/stripped/core_v2_generalization_local_eager_lazy_001/raw/ollama__qwen3-coder__30b/mixed_signed_vector/eager/rep_5.py+strip_code(format_normalized,eager_vs_lazy)",fdf0a8254b48592fd3a3e6b6c8eed1e164bccdd2ad666c4731edab57e7e5c265,data/core_v2/stripped/core_v2_generalization_local_eager_lazy_001/format_normalized/ollama__qwen3-coder__30b/mixed_signed_vector/eager/rep_5.py,7f03fc7cb58b7cae59e761a3c5044aa6d447bcbde3bca5917d3799cdba54afa5,False,historical_analyze_restrip_with_PUBLIC_API_PRESERVE;reoracle_archive_as_written_without_preserve,copied_from_raw_oracle_cache,eager,false,False,missing_required_getters,HISTORICAL_AUDITOR_OUTPUT_WITHOUT_TRANSFORM_REORACLING_DIFFERENT_BYTES
ollama__qwen3-coder__30b|mixed_signed_vector|eager|2,"derived_from:data/core_v2/stripped/core_v2_generalization_local_eager_lazy_001/raw/ollama__qwen3-coder__30b/mixed_signed_vector/eager/rep_2.py+strip_code(format_normalized,eager_vs_lazy)",fdf0a8254b48592fd3a3e6b6c8eed1e164bccdd2ad666c4731edab57e7e5c265,data/core_v2/stripped/core_v2_generalization_local_eager_lazy_001/format_normalized/ollama__qwen3-coder__30b/mixed_signed_vector/eager/rep_2.py,7f03fc7cb58b7cae59e761a3c5044aa6d447bcbde3bca5917d3799cdba54afa5,False,historical_analyze_restrip_with_PUBLIC_API_PRESERVE;reoracle_archive_as_written_without_preserve,copied_from_raw_oracle_cache,eager,false,False,missing_required_getters,HISTORICAL_AUDITOR_OUTPUT_WITHOUT_TRANSFORM_REORACLING_DIFFERENT_BYTES
ollama__qwen3-coder__30b|mixed_signed_vector|eager|4,"derived_from:data/core_v2/stripped/core_v2_generalization_local_eager_lazy_001/raw/ollama__qwen3-coder__30b/mixed_signed_vector/eager/rep_4.py+strip_code(format_normalized,eager_vs_lazy)",fdf0a8254b48592fd3a3e6b6c8eed1e164bccdd2ad666c4731edab57e7e5c265,data/core_v2/stripped/core_v2_generalization_local_eager_lazy_001/format_normalized/ollama__qwen3-coder__30b/mixed_signed_vector/eager/rep_4.py,7f03fc7cb58b7cae59e761a3c5044aa6d447bcbde3bca5917d3799cdba54afa5,False,historical_analyze_restrip_with_PUBLIC_API_PRESERVE;reoracle_archive_as_written_without_preserve,copied_from_raw_oracle_cache,eager,false,False,missing_required_getters,HISTORICAL_AUDITOR_OUTPUT_WITHOUT_TRANSFORM_REORACLING_DIFFERENT_BYTES
ollama__qwen3-coder__30b|mixed_signed_vector|lazy|1,"derived_from:data/core_v2/stripped/core_v2_generalization_local_eager_lazy_001/raw/ollama__qwen3-coder__30b/mixed_signed_vector/lazy/rep_1.py+strip_code(format_normalized,eager_vs_lazy)",83da7b5ef4dba0031f7c29389d8b516a0cb251be7d077755b2dfddfacbecbdf9,data/core_v2/stripped/core_v2_generalization_local_eager_lazy_001/format_normalized/ollama__qwen3-coder__30b/mixed_signed_vector/lazy/rep_1.py,7d0d175af7c3501f3320c98924f0001ff802d872fba92d7c9fabfb8feaa49d27,False,historical_analyze_restrip_with_PUBLIC_API_PRESERVE;reoracle_archive_as_written_without_preserve,copied_from_raw_oracle_cache,ambiguous,true,False,missing_required_getters,HISTORICAL_AUDITOR_OUTPUT_WITHOUT_TRANSFORM_REORACLING_DIFFERENT_BYTES
ollama__qwen3-coder__30b|mixed_signed_vector|lazy|3,"derived_from:data/core_v2/stripped/core_v2_generalization_local_eager_lazy_001/raw/ollama__qwen3-coder__30b/mixed_signed_vector/lazy/rep_3.py+strip_code(format_normalized,eager_vs_lazy)",83da7b5ef4dba0031f7c29389d8b516a0cb251be7d077755b2dfddfacbecbdf9,data/core_v2/stripped/core_v2_generalization_local_eager_lazy_001/format_normalized/ollama__qwen3-coder__30b/mixed_signed_vector/lazy/rep_3.py,7d0d175af7c3501f3320c98924f0001ff802d872fba92d7c9fabfb8feaa49d27,False,historical_analyze_restrip_with_PUBLIC_API_PRESERVE;reoracle_archive_as_written_without_preserve,copied_from_raw_oracle_cache,ambiguous,true,False,missing_required_getters,HISTORICAL_AUDITOR_OUTPUT_WITHOUT_TRANSFORM_REORACLING_DIFFERENT_BYTES
ollama__qwen3-coder__30b|mixed_signed_vector|lazy|5,"derived_from:data/core_v2/stripped/core_v2_generalization_local_eager_lazy_001/raw/ollama__qwen3-coder__30b/mixed_signed_vector/lazy/rep_5.py+strip_code(format_normalized,eager_vs_lazy)",83da7b5ef4dba0031f7c29389d8b516a0cb251be7d077755b2dfddfacbecbdf9,data/core_v2/stripped/core_v2_generalization_local_eager_lazy_001/format_normalized/ollama__qwen3-coder__30b/mixed_signed_vector/lazy/rep_5.py,7d0d175af7c3501f3320c98924f0001ff802d872fba92d7c9fabfb8feaa49d27,False,historical_analyze_restrip_with_PUBLIC_API_PRESERVE;reoracle_archive_as_written_without_preserve,copied_from_raw_oracle_cache,ambiguous,true,False,missing_required_getters,HISTORICAL_AUDITOR_OUTPUT_WITHOUT_TRANSFORM_REORACLING_DIFFERENT_BYTES
ollama__qwen3-coder__30b|mixed_signed_vector|lazy|2,"derived_from:data/core_v2/stripped/core_v2_generalization_local_eager_lazy_001/raw/ollama__qwen3-coder__30b/mixed_signed_vector/lazy/rep_2.py+strip_code(format_normalized,eager_vs_lazy)",83da7b5ef4dba0031f7c29389d8b516a0cb251be7d077755b2dfddfacbecbdf9,data/core_v2/stripped/core_v2_generalization_local_eager_lazy_001/format_normalized/ollama__qwen3-coder__30b/mixed_signed_vector/lazy/rep_2.py,7d0d175af7c3501f3320c98924f0001ff802d872fba92d7c9fabfb8feaa49d27,False,historical_analyze_restrip_with_PUBLIC_API_PRESERVE;reoracle_archive_as_written_without_preserve,copied_from_raw_oracle_cache,ambiguous,true,False,missing_required_getters,HISTORICAL_AUDITOR_OUTPUT_WITHOUT_TRANSFORM_REORACLING_DIFFERENT_BYTES
ollama__qwen3-coder__30b|mixed_signed_vector|lazy|4,"derived_from:data/core_v2/stripped/core_v2_generalization_local_eager_lazy_001/raw/ollama__qwen3-coder__30b/mixed_signed_vector/lazy/rep_4.py+strip_code(format_normalized,eager_vs_lazy)",83da7b5ef4dba0031f7c29389d8b516a0cb251be7d077755b2dfddfacbecbdf9,data/core_v2/stripped/core_v2_generalization_local_eager_lazy_001/format_normalized/ollama__qwen3-coder__30b/mixed_signed_vector/lazy/rep_4.py,7d0d175af7c3501f3320c98924f0001ff802d872fba92d7c9fabfb8feaa49d27,False,historical_analyze_restrip_with_PUBLIC_API_PRESERVE;reoracle_archive_as_written_without_preserve,copied_from_raw_oracle_cache,ambiguous,true,False,missing_required_getters,HISTORICAL_AUDITOR_OUTPUT_WITHOUT_TRANSFORM_REORACLING_DIFFERENT_BYTES
ollama__qwen3-coder__30b|repeated_values_vector|eager|1,"derived_from:data/core_v2/stripped/core_v2_generalization_local_eager_lazy_001/raw/ollama__qwen3-coder__30b/repeated_values_vector/eager/rep_1.py+strip_code(format_normalized,eager_vs_lazy)",fdf0a8254b48592fd3a3e6b6c8eed1e164bccdd2ad666c4731edab57e7e5c265,data/core_v2/stripped/core_v2_generalization_local_eager_lazy_001/format_normalized/ollama__qwen3-coder__30b/repeated_values_vector/eager/rep_1.py,7f03fc7cb58b7cae59e761a3c5044aa6d447bcbde3bca5917d3799cdba54afa5,False,historical_analyze_restrip_with_PUBLIC_API_PRESERVE;reoracle_archive_as_written_without_preserve,copied_from_raw_oracle_cache,eager,false,False,missing_required_getters,HISTORICAL_AUDITOR_OUTPUT_WITHOUT_TRANSFORM_REORACLING_DIFFERENT_BYTES
ollama__qwen3-coder__30b|repeated_values_vector|eager|3,"derived_from:data/core_v2/stripped/core_v2_generalization_local_eager_lazy_001/raw/ollama__qwen3-coder__30b/repeated_values_vector/eager/rep_3.py+strip_code(format_normalized,eager_vs_lazy)",fdf0a8254b48592fd3a3e6b6c8eed1e164bccdd2ad666c4731edab57e7e5c265,data/core_v2/stripped/core_v2_generalization_local_eager_lazy_001/format_normalized/ollama__qwen3-coder__30b/repeated_values_vector/eager/rep_3.py,7f03fc7cb58b7cae59e761a3c5044aa6d447bcbde3bca5917d3799cdba54afa5,False,historical_analyze_restrip_with_PUBLIC_API_PRESERVE;reoracle_archive_as_written_without_preserve,copied_from_raw_oracle_cache,eager,false,False,missing_required_getters,HISTORICAL_AUDITOR_OUTPUT_WITHOUT_TRANSFORM_REORACLING_DIFFERENT_BYTES
ollama__qwen3-coder__30b|repeated_values_vector|eager|5,"derived_from:data/core_v2/stripped/core_v2_generalization_local_eager_lazy_001/raw/ollama__qwen3-coder__30b/repeated_values_vector/eager/rep_5.py+strip_code(format_normalized,eager_vs_lazy)",fdf0a8254b48592fd3a3e6b6c8eed1e164bccdd2ad666c4731edab57e7e5c265,data/core_v2/stripped/core_v2_generalization_local_eager_lazy_001/format_normalized/ollama__qwen3-coder__30b/repeated_values_vector/eager/rep_5.py,7f03fc7cb58b7cae59e761a3c5044aa6d447bcbde3bca5917d3799cdba54afa5,False,historical_analyze_restrip_with_PUBLIC_API_PRESERVE;reoracle_archive_as_written_without_preserve,copied_from_raw_oracle_cache,eager,false,False,missing_required_getters,HISTORICAL_AUDITOR_OUTPUT_WITHOUT_TRANSFORM_REORACLING_DIFFERENT_BYTES
ollama__qwen3-coder__30b|repeated_values_vector|eager|2,"derived_from:data/core_v2/stripped/core_v2_generalization_local_eager_lazy_001/raw/ollama__qwen3-coder__30b/repeated_values_vector/eager/rep_2.py+strip_code(format_normalized,eager_vs_lazy)",fdf0a8254b48592fd3a3e6b6c8eed1e164bccdd2ad666c4731edab57e7e5c265,data/core_v2/stripped/core_v2_generalization_local_eager_lazy_001/format_normalized/ollama__qwen3-coder__30b/repeated_values_vector/eager/rep_2.py,7f03fc7cb58b7cae59e761a3c5044aa6d447bcbde3bca5917d3799cdba54afa5,False,historical_analyze_restrip_with_PUBLIC_API_PRESERVE;reoracle_archive_as_written_without_preserve,copied_from_raw_oracle_cache,eager,false,False,missing_required_getters,HISTORICAL_AUDITOR_OUTPUT_WITHOUT_TRANSFORM_REORACLING_DIFFERENT_BYTES
ollama__qwen3-coder__30b|repeated_values_vector|eager|4,"derived_from:data/core_v2/stripped/core_v2_generalization_local_eager_lazy_001/raw/ollama__qwen3-coder__30b/repeated_values_vector/eager/rep_4.py+strip_code(format_normalized,eager_vs_lazy)",fdf0a8254b48592fd3a3e6b6c8eed1e164bccdd2ad666c4731edab57e7e5c265,data/core_v2/stripped/core_v2_generalization_local_eager_lazy_001/format_normalized/ollama__qwen3-coder__30b/repeated_values_vector/eager/rep_4.py,7f03fc7cb58b7cae59e761a3c5044aa6d447bcbde3bca5917d3799cdba54afa5,False,historical_analyze_restrip_with_PUBLIC_API_PRESERVE;reoracle_archive_as_written_without_preserve,copied_from_raw_oracle_cache,eager,false,False,missing_required_getters,HISTORICAL_AUDITOR_OUTPUT_WITHOUT_TRANSFORM_REORACLING_DIFFERENT_BYTES
ollama__qwen3-coder__30b|repeated_values_vector|lazy|1,"derived_from:data/core_v2/stripped/core_v2_generalization_local_eager_lazy_001/raw/ollama__qwen3-coder__30b/repeated_values_vector/lazy/rep_1.py+strip_code(format_normalized,eager_vs_lazy)",83da7b5ef4dba0031f7c29389d8b516a0cb251be7d077755b2dfddfacbecbdf9,data/core_v2/stripped/core_v2_generalization_local_eager_lazy_001/format_normalized/ollama__qwen3-coder__30b/repeated_values_vector/lazy/rep_1.py,7d0d175af7c3501f3320c98924f0001ff802d872fba92d7c9fabfb8feaa49d27,False,historical_analyze_restrip_with_PUBLIC_API_PRESERVE;reoracle_archive_as_written_without_preserve,copied_from_raw_oracle_cache,ambiguous,true,False,missing_required_getters,HISTORICAL_AUDITOR_OUTPUT_WITHOUT_TRANSFORM_REORACLING_DIFFERENT_BYTES
ollama__qwen3-coder__30b|repeated_values_vector|lazy|3,"derived_from:data/core_v2/stripped/core_v2_generalization_local_eager_lazy_001/raw/ollama__qwen3-coder__30b/repeated_values_vector/lazy/rep_3.py+strip_code(format_normalized,eager_vs_lazy)",83da7b5ef4dba0031f7c29389d8b516a0cb251be7d077755b2dfddfacbecbdf9,data/core_v2/stripped/core_v2_generalization_local_eager_lazy_001/format_normalized/ollama__qwen3-coder__30b/repeated_values_vector/lazy/rep_3.py,7d0d175af7c3501f3320c98924f0001ff802d872fba92d7c9fabfb8feaa49d27,False,historical_analyze_restrip_with_PUBLIC_API_PRESERVE;reoracle_archive_as_written_without_preserve,copied_from_raw_oracle_cache,ambiguous,true,False,missing_required_getters,HISTORICAL_AUDITOR_OUTPUT_WITHOUT_TRANSFORM_REORACLING_DIFFERENT_BYTES
ollama__qwen3-coder__30b|repeated_values_vector|lazy|5,"derived_from:data/core_v2/stripped/core_v2_generalization_local_eager_lazy_001/raw/ollama__qwen3-coder__30b/repeated_values_vector/lazy/rep_5.py+strip_code(format_normalized,eager_vs_lazy)",83da7b5ef4dba0031f7c29389d8b516a0cb251be7d077755b2dfddfacbecbdf9,data/core_v2/stripped/core_v2_generalization_local_eager_lazy_001/format_normalized/ollama__qwen3-coder__30b/repeated_values_vector/lazy/rep_5.py,7d0d175af7c3501f3320c98924f0001ff802d872fba92d7c9fabfb8feaa49d27,False,historical_analyze_restrip_with_PUBLIC_API_PRESERVE;reoracle_archive_as_written_without_preserve,copied_from_raw_oracle_cache,ambiguous,true,False,missing_required_getters,HISTORICAL_AUDITOR_OUTPUT_WITHOUT_TRANSFORM_REORACLING_DIFFERENT_BYTES
ollama__qwen3-coder__30b|repeated_values_vector|lazy|2,"derived_from:data/core_v2/stripped/core_v2_generalization_local_eager_lazy_001/raw/ollama__qwen3-coder__30b/repeated_values_vector/lazy/rep_2.py+strip_code(format_normalized,eager_vs_lazy)",83da7b5ef4dba0031f7c29389d8b516a0cb251be7d077755b2dfddfacbecbdf9,data/core_v2/stripped/core_v2_generalization_local_eager_lazy_001/format_normalized/ollama__qwen3-coder__30b/repeated_values_vector/lazy/rep_2.py,7d0d175af7c3501f3320c98924f0001ff802d872fba92d7c9fabfb8feaa49d27,False,historical_analyze_restrip_with_PUBLIC_API_PRESERVE;reoracle_archive_as_written_without_preserve,copied_from_raw_oracle_cache,ambiguous,true,False,missing_required_getters,HISTORICAL_AUDITOR_OUTPUT_WITHOUT_TRANSFORM_REORACLING_DIFFERENT_BYTES
ollama__qwen3-coder__30b|repeated_values_vector|lazy|4,"derived_from:data/core_v2/stripped/core_v2_generalization_local_eager_lazy_001/raw/ollama__qwen3-coder__30b/repeated_values_vector/lazy/rep_4.py+strip_code(format_normalized,eager_vs_lazy)",83da7b5ef4dba0031f7c29389d8b516a0cb251be7d077755b2dfddfacbecbdf9,data/core_v2/stripped/core_v2_generalization_local_eager_lazy_001/format_normalized/ollama__qwen3-coder__30b/repeated_values_vector/lazy/rep_4.py,7d0d175af7c3501f3320c98924f0001ff802d872fba92d7c9fabfb8feaa49d27,False,historical_analyze_restrip_with_PUBLIC_API_PRESERVE;reoracle_archive_as_written_without_preserve,copied_from_raw_oracle_cache,ambiguous,true,False,missing_required_getters,HISTORICAL_AUDITOR_OUTPUT_WITHOUT_TRANSFORM_REORACLING_DIFFERENT_BYTES
ollama__qwen3-coder__30b|small_positive_vector|eager|1,"derived_from:data/core_v2/stripped/core_v2_generalization_local_eager_lazy_001/raw/ollama__qwen3-coder__30b/small_positive_vector/eager/rep_1.py+strip_code(format_normalized,eager_vs_lazy)",fdf0a8254b48592fd3a3e6b6c8eed1e164bccdd2ad666c4731edab57e7e5c265,data/core_v2/stripped/core_v2_generalization_local_eager_lazy_001/format_normalized/ollama__qwen3-coder__30b/small_positive_vector/eager/rep_1.py,7f03fc7cb58b7cae59e761a3c5044aa6d447bcbde3bca5917d3799cdba54afa5,False,historical_analyze_restrip_with_PUBLIC_API_PRESERVE;reoracle_archive_as_written_without_preserve,copied_from_raw_oracle_cache,eager,false,False,missing_required_getters,HISTORICAL_AUDITOR_OUTPUT_WITHOUT_TRANSFORM_REORACLING_DIFFERENT_BYTES
ollama__qwen3-coder__30b|small_positive_vector|eager|3,"derived_from:data/core_v2/stripped/core_v2_generalization_local_eager_lazy_001/raw/ollama__qwen3-coder__30b/small_positive_vector/eager/rep_3.py+strip_code(format_normalized,eager_vs_lazy)",fdf0a8254b48592fd3a3e6b6c8eed1e164bccdd2ad666c4731edab57e7e5c265,data/core_v2/stripped/core_v2_generalization_local_eager_lazy_001/format_normalized/ollama__qwen3-coder__30b/small_positive_vector/eager/rep_3.py,7f03fc7cb58b7cae59e761a3c5044aa6d447bcbde3bca5917d3799cdba54afa5,False,historical_analyze_restrip_with_PUBLIC_API_PRESERVE;reoracle_archive_as_written_without_preserve,copied_from_raw_oracle_cache,eager,false,False,missing_required_getters,HISTORICAL_AUDITOR_OUTPUT_WITHOUT_TRANSFORM_REORACLING_DIFFERENT_BYTES
ollama__qwen3-coder__30b|small_positive_vector|eager|5,"derived_from:data/core_v2/stripped/core_v2_generalization_local_eager_lazy_001/raw/ollama__qwen3-coder__30b/small_positive_vector/eager/rep_5.py+strip_code(format_normalized,eager_vs_lazy)",fdf0a8254b48592fd3a3e6b6c8eed1e164bccdd2ad666c4731edab57e7e5c265,data/core_v2/stripped/core_v2_generalization_local_eager_lazy_001/format_normalized/ollama__qwen3-coder__30b/small_positive_vector/eager/rep_5.py,7f03fc7cb58b7cae59e761a3c5044aa6d447bcbde3bca5917d3799cdba54afa5,False,historical_analyze_restrip_with_PUBLIC_API_PRESERVE;reoracle_archive_as_written_without_preserve,copied_from_raw_oracle_cache,eager,false,False,missing_required_getters,HISTORICAL_AUDITOR_OUTPUT_WITHOUT_TRANSFORM_REORACLING_DIFFERENT_BYTES
ollama__qwen3-coder__30b|small_positive_vector|eager|2,"derived_from:data/core_v2/stripped/core_v2_generalization_local_eager_lazy_001/raw/ollama__qwen3-coder__30b/small_positive_vector/eager/rep_2.py+strip_code(format_normalized,eager_vs_lazy)",fdf0a8254b48592fd3a3e6b6c8eed1e164bccdd2ad666c4731edab57e7e5c265,data/core_v2/stripped/core_v2_generalization_local_eager_lazy_001/format_normalized/ollama__qwen3-coder__30b/small_positive_vector/eager/rep_2.py,7f03fc7cb58b7cae59e761a3c5044aa6d447bcbde3bca5917d3799cdba54afa5,False,historical_analyze_restrip_with_PUBLIC_API_PRESERVE;reoracle_archive_as_written_without_preserve,copied_from_raw_oracle_cache,eager,false,False,missing_required_getters,HISTORICAL_AUDITOR_OUTPUT_WITHOUT_TRANSFORM_REORACLING_DIFFERENT_BYTES
ollama__qwen3-coder__30b|small_positive_vector|eager|4,"derived_from:data/core_v2/stripped/core_v2_generalization_local_eager_lazy_001/raw/ollama__qwen3-coder__30b/small_positive_vector/eager/rep_4.py+strip_code(format_normalized,eager_vs_lazy)",fdf0a8254b48592fd3a3e6b6c8eed1e164bccdd2ad666c4731edab57e7e5c265,data/core_v2/stripped/core_v2_generalization_local_eager_lazy_001/format_normalized/ollama__qwen3-coder__30b/small_positive_vector/eager/rep_4.py,7f03fc7cb58b7cae59e761a3c5044aa6d447bcbde3bca5917d3799cdba54afa5,False,historical_analyze_restrip_with_PUBLIC_API_PRESERVE;reoracle_archive_as_written_without_preserve,copied_from_raw_oracle_cache,eager,false,False,missing_required_getters,HISTORICAL_AUDITOR_OUTPUT_WITHOUT_TRANSFORM_REORACLING_DIFFERENT_BYTES
ollama__qwen3-coder__30b|small_positive_vector|lazy|1,"derived_from:data/core_v2/stripped/core_v2_generalization_local_eager_lazy_001/raw/ollama__qwen3-coder__30b/small_positive_vector/lazy/rep_1.py+strip_code(format_normalized,eager_vs_lazy)",83da7b5ef4dba0031f7c29389d8b516a0cb251be7d077755b2dfddfacbecbdf9,data/core_v2/stripped/core_v2_generalization_local_eager_lazy_001/format_normalized/ollama__qwen3-coder__30b/small_positive_vector/lazy/rep_1.py,7d0d175af7c3501f3320c98924f0001ff802d872fba92d7c9fabfb8feaa49d27,False,historical_analyze_restrip_with_PUBLIC_API_PRESERVE;reoracle_archive_as_written_without_preserve,copied_from_raw_oracle_cache,ambiguous,true,False,missing_required_getters,HISTORICAL_AUDITOR_OUTPUT_WITHOUT_TRANSFORM_REORACLING_DIFFERENT_BYTES
ollama__qwen3-coder__30b|small_positive_vector|lazy|3,"derived_from:data/core_v2/stripped/core_v2_generalization_local_eager_lazy_001/raw/ollama__qwen3-coder__30b/small_positive_vector/lazy/rep_3.py+strip_code(format_normalized,eager_vs_lazy)",83da7b5ef4dba0031f7c29389d8b516a0cb251be7d077755b2dfddfacbecbdf9,data/core_v2/stripped/core_v2_generalization_local_eager_lazy_001/format_normalized/ollama__qwen3-coder__30b/small_positive_vector/lazy/rep_3.py,7d0d175af7c3501f3320c98924f0001ff802d872fba92d7c9fabfb8feaa49d27,False,historical_analyze_restrip_with_PUBLIC_API_PRESERVE;reoracle_archive_as_written_without_preserve,copied_from_raw_oracle_cache,ambiguous,true,False,missing_required_getters,HISTORICAL_AUDITOR_OUTPUT_WITHOUT_TRANSFORM_REORACLING_DIFFERENT_BYTES
ollama__qwen3-coder__30b|small_positive_vector|lazy|5,"derived_from:data/core_v2/stripped/core_v2_generalization_local_eager_lazy_001/raw/ollama__qwen3-coder__30b/small_positive_vector/lazy/rep_5.py+strip_code(format_normalized,eager_vs_lazy)",83da7b5ef4dba0031f7c29389d8b516a0cb251be7d077755b2dfddfacbecbdf9,data/core_v2/stripped/core_v2_generalization_local_eager_lazy_001/format_normalized/ollama__qwen3-coder__30b/small_positive_vector/lazy/rep_5.py,7d0d175af7c3501f3320c98924f0001ff802d872fba92d7c9fabfb8feaa49d27,False,historical_analyze_restrip_with_PUBLIC_API_PRESERVE;reoracle_archive_as_written_without_preserve,copied_from_raw_oracle_cache,ambiguous,true,False,missing_required_getters,HISTORICAL_AUDITOR_OUTPUT_WITHOUT_TRANSFORM_REORACLING_DIFFERENT_BYTES
ollama__qwen3-coder__30b|small_positive_vector|lazy|2,"derived_from:data/core_v2/stripped/core_v2_generalization_local_eager_lazy_001/raw/ollama__qwen3-coder__30b/small_positive_vector/lazy/rep_2.py+strip_code(format_normalized,eager_vs_lazy)",83da7b5ef4dba0031f7c29389d8b516a0cb251be7d077755b2dfddfacbecbdf9,data/core_v2/stripped/core_v2_generalization_local_eager_lazy_001/format_normalized/ollama__qwen3-coder__30b/small_positive_vector/lazy/rep_2.py,7d0d175af7c3501f3320c98924f0001ff802d872fba92d7c9fabfb8feaa49d27,False,historical_analyze_restrip_with_PUBLIC_API_PRESERVE;reoracle_archive_as_written_without_preserve,copied_from_raw_oracle_cache,ambiguous,true,False,missing_required_getters,HISTORICAL_AUDITOR_OUTPUT_WITHOUT_TRANSFORM_REORACLING_DIFFERENT_BYTES
ollama__qwen3-coder__30b|small_positive_vector|lazy|4,"derived_from:data/core_v2/stripped/core_v2_generalization_local_eager_lazy_001/raw/ollama__qwen3-coder__30b/small_positive_vector/lazy/rep_4.py+strip_code(format_normalized,eager_vs_lazy)",83da7b5ef4dba0031f7c29389d8b516a0cb251be7d077755b2dfddfacbecbdf9,data/core_v2/stripped/core_v2_generalization_local_eager_lazy_001/format_normalized/ollama__qwen3-coder__30b/small_positive_vector/lazy/rep_4.py,7d0d175af7c3501f3320c98924f0001ff802d872fba92d7c9fabfb8feaa49d27,False,historical_analyze_restrip_with_PUBLIC_API_PRESERVE;reoracle_archive_as_written_without_preserve,copied_from_raw_oracle_cache,ambiguous,true,False,missing_required_getters,HISTORICAL_AUDITOR_OUTPUT_WITHOUT_TRANSFORM_REORACLING_DIFFERENT_BYTES
